Categorie,Secțiune,Nume,Tip / profil,Website / link,Persoane de contact,Email,Telefon,Adresă,Sursă contact,Observații
1. Publicații online de cultură,A. Lista principală de publicații (58 intrări),Filmvilág (revistă tipărită + online),"Revistă lunară de artă cinematografică (critică, eseuri, festivaluri), cu arhivă online (Limbă: HU)",https://filmvilag.hu,"Vajda Judit (főszerkesztő); Varró Attila, Baski Sándor, Gelencsér Gábor (szerkesztők); Buzsik Krisztina (képszerkesztő); Pamuk Anna (szerkesztő-munkatárs, felelős kiadó); Kránicz Bence (külső munkatárs)",filmvilag@filmvilag.hu,06-30-622-0574,"1029 Budapest, Zsíroshegyi út 119.",https://filmvilag.hu/impresszum.php ; https://filmvilag.hu/kapcsolat.php,Activ – ultimul număr 2026/08. Cea mai importantă revistă de critică de film. Editor: Filmvilág Alapítvány. Țintă prioritară pentru cronici/anunț.
1. Publicații online de cultură,A. Lista principală de publicații (58 intrări),PORT.hu,Ghid de programe film/TV/cinema/teatru + articole și cronici de film (Limbă: HU),https://port.hu,"Budaker Judit (főszerkesztő); Brusznicki Edit (vezető szerkesztő); Reiber Gabriella (ügyvezető / magazinportfólió-igazgató); Mádi-Krezinger Cintia (lapigazgató); rubrica Mozi/tévé/stream: Hopp Győző, Svébis Bence, Baski Sándor, Gerber Bianka, Gerber Petra, Vizer Balázs; Baranyai Zsófia (Színház, fesztivál)",negăsit (doar formular „Levél a szerkesztőségnek”),negăsit,"IndaWorld Publishing Kft., 1036 Budapest, Lajos utca 48-66. E ép.",https://port.hu/impresszum,Activ (premiere și cronici sept. 2026). Editor: IndaWorld Publishing Kft. (grup Indamedia). Programul TV/cinema e furnizat de Media Press PORT Kft. — important pentru listarea proiecțiilor Zilelor Filmului Românesc. Contact doar prin formular.
1. Publicații online de cultură,A. Lista principală de publicații (58 intrări),filmhu (magyar.film.hu),"Portal central al filmului maghiar: știri, interviuri, festivaluri, podcast (Limbă: HU)",https://magyar.film.hu,negăsit (pagina „Rólunk” semnată doar „a Filmhu stábja”),filmhu@forum.film.hu (link „Kontakt”),negăsit,negăsit (editor: Film.hu Kft.),https://magyar.film.hu/rolunk,Activ (știri sept. 2026; a anunțat și filmul lui Radu Jude la BIFF III). Țintă bună pentru știri despre festivaluri/evenimente. Editor: Film.hu Kft.
1. Publicații online de cultură,A. Lista principală de publicații (58 intrări),Filmtekercs.hu,"Portal de critică de film, știri, seriale, interviuri, festivaluri (Limbă: HU)",https://filmtekercs.hu,"Nagy Eszter (főszerkesztő); Kiss Tamás (szerkesztő, elnök, kiadásért felelős); Németh Míra (szerkesztő); Kajdi Júlia (hírek); Sergő Z. András (alapító); Molnár Kata Osolya, Gyöngyösi Lilla (alelnökök)",szerkesztoseg@filmtekercs.hu,20 / 331 94 03,"Filmtekercs Vizuális Kultúráért Egyesület, 1081 Budapest, Népszínház utca 37. I. em. 6.a.",https://filmtekercs.hu/impresszum,Activ (articole 2026-10-02). Email decodat din protecția Cloudflare a paginii de impresszum. Gyöngyösi Lilla scrie și la Filmvilág și Filmtett.
1. Publicații online de cultură,A. Lista principală de publicații (58 intrări),Filmtett (Erdélyi Filmes Portál),"Portal maghiar de film din Transilvania: cronici, știri, film românesc și maghiar, Filmtettfeszt (Limbă: HU (+ RO))",https://filmtett.ro,"Jakab-Benke Nándor (főszerkesztő); Zágoni Bálint (ügyvezető); Buzogány Klára (hírszerkesztő); Papp Attila Zsolt (szerkesztő); Zakariás Ágota (programkoordinátor); Vodál Vera (irodavezető, Budapest)",filmtett@filmtett.ro,negăsit,"400177 Kolozsvár (Cluj-Napoca), Crișan utca 10/3",https://filmtett.ro/filmtett-egyesulet-impresszum,"Activ (2026). Sediu în România, dar are birou la Budapesta și e citit în Ungaria. Cel mai relevant partener pentru Zilele Filmului Românesc (acoperă constant filmul românesc)."
1. Publicații online de cultură,A. Lista principală de publicații (58 intrări),Mafab.hu (Magyar Filmadatbázis),"Bază de date de filme + magazin (știri, cronici, streaming, program TV/cinema) (Limbă: HU)",https://www.mafab.hu,"Bagin András (igazgató és menedzsment, bagin@mafab.hu); redacție: Horváth Gergő (szerkesztő, social media), Csillag Lajos (szerkesztő, filmek, cikkek), Kántor Gábor (TV és moziműsor), Hupka Adrián (streaming, sorozatok), Bolla Eszter, Szarka Károly (filmadatlapok), Dósa Judit, Kulifai Gergely, Kiss Andrea Kriszta (cikkek)","Sajtóanyagok, hírek: szerkesztoseg@mafab.hu; general: info@mafab.hu; reclamă: reklam@mafab.hu",06 1 808 8406 (reclamă),"Felelős kiadó: Mafab s.r.o., Zimná 6, 945 01 Komárom, Szlovákia",https://www.mafab.hu/impresszum,Activ (articole sept.–oct. 2026). Adresa explicită pentru comunicate de presă: szerkesztoseg@mafab.hu. Editorul este înregistrat în Slovacia. Pagina e protejată Cloudflare (citită prin browser).
1. Publicații online de cultură,A. Lista principală de publicații (58 intrări),Foaia Românească,"Săptămânalul românilor din Ungaria (din 1951), Gyula/Jula (Limbă: RO)",https://foaiaromaneasca.blogspot.com (foaiaromaneasca.eu nu răspunde),Eva Iova-Șimon (redactor-șef); Anca Liana Becan (reporter),foaia@foaia.hu (redacție); eva.iova@foaia.hu; anca.crisan@foaia.hu,+36 66 463 152 (tel./fax); +36 66 361 789,"5700 Gyula (Jula), str. Gh. Doja nr. 8",http://foaiaromaneasca.blogspot.com/p/contacte.html,"foaiaromaneasca.eu: conexiune refuzată (oct. 2026). Blogul pare neactualizat din ~2019, dar ziarul este activ: cupa de șah „Foaia Românească” a avut loc la sediul ziarului pe 7 feb. 2026 (chess.hu). Editor: Uniunea Culturală a Românilor din Ungaria. Contactele trebuie reconfirmate. PRIORITAR."
1. Publicații online de cultură,A. Lista principală de publicații (58 intrări),"Ecranul nostru (MTVA, Duna / Duna World)","Magazin TV săptămânal în limba română (26 min), produs din 1982 la Studioul regional Szeged (Limbă: RO)",https://mediaklikk.hu/musor/ecranulnostru/,negăsit,"ugyelet@mtva.hu (adresa generală MTVA, nu una dedicată emisiunii)",negăsit,negăsit (Studioul regional MTV Szeged),https://mediaklikk.hu/musor/ecranulnostru/,Activ: ultimul episod pe 30 sept. 2026. Pe pagină nu apare emailul redacției. Mai există pagina de Facebook „Ecranul nostru”.
1. Publicații online de cultură,A. Lista principală de publicații (58 intrări),Emisiunea în limba română MR4 Nemzetiségi Adások (MTVA),"Radio, magazin zilnic în limba română (16:00-18:00), produs la Szeged (Limbă: RO)",https://mediaklikk.hu/musor/roman/,negăsit,ugyelet@mtva.hu (adresa generală MTVA),negăsit,"negăsit pe pagina oficială (rezultatele de căutare indică 6720 Szeged, Kossuth Lajos sugárút 29, dar nu a fost verificat pe o sursă oficială)",https://mediaklikk.hu/musor/roman/,Activ: emisiune pe 2 oct. 2026. Adresa din Szeged este nereconfirmată (sursa bmknet nu s-a putut deschide).
1. Publicații online de cultură,A. Lista principală de publicații (58 intrări),Index (rovat Kultúr),"Portal generalist de știri, rubrică de cultură (Limbă: maghiară)",https://index.hu/kultur/,"Gedei Norbert (főszerkesztő); F. Tóth Benedek (főszerkesztő-helyettes / Kultúra rovatvezető); redacția Kultúra: Péter Alvarez (szerkesztő), Sümegi Noémi (szerkesztő), Dzsubák Tamás, Péter Zsombor; critici de film: negăsit (nespecificat)","indexugyelet@mail.index.hu (pe pagină: „Olvasói üzenet, meghívó, sajtóközlemény a szerkesztőségnek”); indexkozlemeny@mail.index.hu (declarații / către lapigazgató); email dedicat Kultúra: negăsit",555-7000 (fax 349-0393),"INDEX.HU Zrt., 1036 Budapest, Lajos u. 48-66., B épület, 4. emelet",https://index.hu/impresszum/,"Pe pagină, adresele sunt protejate anti-spam („mail.index.NEMSPA_M.hu”), iar forma reală este @mail.index.hu. indexugyelet e adresa oficială pentru invitații și comunicate de presă."
1. Publicații online de cultură,A. Lista principală de publicații (58 intrări),Telex (rovat Karakter = cultură/lifestyle),Portal generalist independent de știri (Limbă: maghiară (+ telex English)),https://telex.hu/karakter,"Német Tamás (főszerkesztő, nemettamas@telex.hu); Karakter: Liptai Lívia (rovatvezető, liptail@telex.hu), Rácz Attila (szerkesztő-újságíró, racza@telex.hu), Vass Norbert (szerkesztő-újságíró, vassn@telex.hu), Klág Dávid (újságíró, klagd@telex.hu), Merényi Dániel (újságíró/karikaturista, merenyid@telex.hu), Pándi Balázs (újságíró, pandib@telex.hu)",ugyelet@telex.hu (redacție); press@telex.hu (cereri de presă); racza@telex.hu (Telextárcák),"+36 70 640 0003 (zilele lucrătoare, 9–17)","1036 Budapest, Perc utca 6. 2. emelet; poștă: 1300 Budapest, Pf. 107",https://telex.hu/impresszum,"Telex nu are rubrică numită „Kult”: cultura apare la rubrica „Karakter”. Emailurile individuale sunt cele din butoanele „e-mail” de pe impressum. Pentru filmul românesc, contactele potrivite sunt Liptai Lívia (rovatvezető) și Vass Norbert."
1. Publicații online de cultură,A. Lista principală de publicații (58 intrări),24.hu (Pop/kultúra),Portal generalist de știri (Central Médiacsoport) (Limbă: maghiară),https://24.hu/kultura/,"Bita Dániel (főszerkesztő); Jankovics Márton (főszerkesztő-helyettes); Pop/kultúra: Besenyei Balázs (rovatvezető), Borovitz Tamás (rovatvezető-helyettes), Ács Anna Mária, Csontos Kata, Grósz Petra, Kránicz Bence, Polák Zsóka, Schultz Antal, Varga Zsuzsa (pop/kultúra); critici de film anume: negăsit","info@24.hu (general); email Kultúra: negăsit; maria.balogh@24.hu (Balogh Mária, szerkesztőségi koordinátor)",+36 1 437 39 57 (redacție); +36 1 437 1100 (editor),"Central Médiacsoport Zrt., 1037 Budapest, Montevideo u. 9.; poștă: Central Médiacsoport Zrt. Budapest 1872",https://24.hu/impresszum/,Rubrica se numește „Pop/kultúra”. Pagina se descarcă cu curl; WebFetch e blocat pe acest domeniu.
1. Publicații online de cultură,A. Lista principală de publicații (58 intrări),HVG / hvg.hu (Kult-Stílus),Săptămânal economic-politic și portal de știri (Limbă: maghiară),https://hvg.hu/kultura,"Gergely Márton (főszerkesztő, m.gergely@hvg.hu); Bordás Gábor (főszerkesztő-helyettes, Élet-Szórakozás, g.bordas@hvg.hu); Vándor Éva (rovatszerkesztő Kult-Stílus, e.vandor@hvg.hu); Tálas Andrea (rovatszerkesztő Szellem, a.talas@hvg.hu); critici de film: negăsit (nespecificat)",hvg@hvg.hu (general); helyreigazitas@hvg.hu; email Kult dedicat: negăsit (se folosește e.vandor@hvg.hu),+36 1 436 2001 (centrală); +36 1 436 2244 (secretariat HVG),"HVG Kiadó Zrt., 1037 Budapest, Montevideo utca 14.; poștă: 1300 Budapest, Pf. 20",https://hvg.hu/impresszum,"Persoana de contact pentru cultură este Vándor Éva (Kult-Stílus). Adresele individuale (m.gergely, e.vandor etc.) sunt linkuri mailto pe impressum."
1. Publicații online de cultură,A. Lista principală de publicații (58 intrări),444,Portal independent de știri și opinie (Limbă: maghiară),https://444.hu,"Munk Veronika (főszerkesztő, munkv@444.hu); Haszán Zoltán (haszanz@444.hu), Plankó Gergő (plankog@444.hu), Rovó Attila (rovoa@444.hu) (főszerkesztő-helyettesek); Uj Péter (alapító szerkesztő, ujp@444.hu); rovatvezető cultură / critici de film: negăsit (impressum-ul nu are rubrici)",szerk@444.hu (scrisori către redacție); 444.hu@protonmail.com (canal criptat); email cultură: negăsit,(1) 619-3422,"Magyar Jeti Zrt., 1066 Budapest, Jókai utca 6.",https://444.hu/impresszum,"Impressum-ul listează personalul alfabetic, fără rubrici, așa că nu se poate spune cine scrie despre cultură sau film fără să ghicim."
1. Publicații online de cultură,A. Lista principală de publicații (58 intrări),Magyar Narancs (Kultúra),Săptămânal liberal de politică și cultură (Limbă: maghiară),https://magyarnarancs.hu,"Bojtár B. Endre (főszerkesztő); Turcsányi Sándor (főszerkesztő-helyettes); Ambrus Vilmos (felelős szerkesztő online); Karafiáth Orsolya (szerkesztő – kultúra); Legát Tibor (szerkesztő – zene); Bajnai Marcell (külső munkatárs – kulturális hírek); rubrica de film „Mikrofilm” există, dar responsabil: negăsit",magyar@narancs.hu (pe pagină: „magyar [at] narancs [dot] hu”); kiado@narancs.hu (abonamente),06-20/329-5900 (abonamente); telefon redacție: negăsit,"Magyarnarancs.hu Lapkiadó Kft., 1064 Budapest, Vörösmarty u. 47/A",https://magyarnarancs.hu/rolunk/a_lap_imresszum-77332,"Cultura e foarte prezentă (Könyvmelléklet, Mikrofilm). Contactul cel mai potrivit este Karafiáth Orsolya."
1. Publicații online de cultură,A. Lista principală de publicații (58 intrări),Népszava (Kultúra),"Cel mai vechi ziar maghiar, de stânga/social-democrat (Limbă: maghiară)",https://nepszava.hu,"Pe impressum: Horváth Gábor (megbízott főszerkesztő), Ágoston Zoltán (online főszerkesztő), Varga Dóra (főszerkesztő-helyettes), Hompola Krisztina (rovatvezető kultúra); critici de film: negăsit",nepszava@nepszava.hu (pe pagină: „nepszava(kukac)nepszava.hu”); online@nepszava.hu (link „Ügyeletes újságíró”); email Kultúra: negăsit,+36 1 477-9000,"XXI. század Média Zrt., 1191 Budapest, Vak Bottyán u. 75/A-C.",https://nepszava.hu/oldal/impresszum (randată doar cu JavaScript; https://nepszava.hu/impresszum dă 404),"SCHIMBARE: din 29.05.2026 apare doar online, după ce Mediaworks a suspendat tiparul din cauza datoriilor. Index (16.09.2026) a anunțat că din octombrie Tóth Ákos devine főszerkesztő, ziarul revine în print ca săptămânal de la mijlocul lui octombrie, iar Lakner Zoltán (de la Jelen) și Horváth Gábor ar urma să fie adjuncți. Impressum-ul nu reflectă încă schimbarea, deci de verificat. Liberty Press (editorul Jelen) a cumpărat majoritatea Népszava. Sursa: https://index.hu/belfold/2026/09/16/nepszava-hetilap-foszerkesztovaltas/"
1. Publicații online de cultură,A. Lista principală de publicații (58 intrări),Magyar Nemzet (Kultúra),"Cotidian/portal conservator, pro-Fidesz (Mediaworks) (Limbă: maghiară)",https://magyarnemzet.hu/kultura,Néző László (főszerkesztő); Kálmán Erika (felelős kiadó); rovatvezető Kultúra: negăsit,kapcsolat@magyarnemzet.hu,+36 1 999 47 60 (editură Mediaworks); +36 46 99 88 00 (relații clienți),"Mediaworks Hungary Zrt., 1082 Budapest, Üllői út 48.",https://magyarnemzet.hu/impresszum,"SCHIMBARE MAJORĂ: ediția tipărită zilnică a apărut ultima dată pe 31.07.2026, iar ziarul a devenit săptămânal (în print), cu portalul păstrat. Telex (17.06.2026) a scris că jumătate din angajați au fost concediați. Surse: https://index.hu/belfold/2026/07/31/magyar-nemzet-hetilap-mediaworks-nezo-laszlo-bucsu/ și https://telex.hu/belfold/2026/06/17/kirugasok-a-magyar-nemzetnel-hetilappa-alakul-a-napilap"
1. Publicații online de cultură,A. Lista principală de publicații (58 intrări),Mandiner (Kultúra),"Portal + săptămânal conservator, pro-Fidesz (Limbă: maghiară)",https://mandiner.hu/kultura,"Pe impressum: Kereki Gergő (vezérigazgató, online főszerkesztő); rovatvezető Kultúra: negăsit",kapcsolat@mandiner.hu; ugyfelszolgalat@mandiner.hu (abonamente),"+36 70 799 3448 (relații clienți, zilele lucrătoare 9–14)","Mandiner Novum Nonprofit Zrt., 1114 Budapest, Bartók Béla út 43-47.",https://mandiner.hu/impresszum,"SCHIMBARE: pe 04.09.2026 Kereki Gergő a fost demis din funcțiile de CEO și főszerkesztő (la cererea ministrului de finanțe), iar premierul Magyar Péter a anunțat oprirea finanțării. Trei foști jurnaliști (Kacsóh Dániel, Kohán Mátyás, Lentulai Krisztián) lansează publicația „Konfront”. Impressum-ul (© 2025) e depășit. Noul főszerkesztő: negăsit. Sursa: https://www.nool.hu/orszag-vilag/2026/09/kirugtak-mandiner-vezeto-konfront-uj-lap"
1. Publicații online de cultură,A. Lista principală de publicații (58 intrări),Origo,Portal generalist pro-guvernamental (Mediaworks) (Limbă: maghiară),https://www.origo.hu,Végh László Ádám (főszerkesztő); Kálmán Erika (felelős kiadó); rovatvezető cultură / film: negăsit,kapcsolat@origo.hu,+36 1 999 47 60 (Mediaworks); +36 46 99 88 00 (relații clienți),"Mediaworks Hungary Zrt., 1082 Budapest, Üllői út 48.",https://www.origo.hu/impresszum,Nu are rubrică de cultură separată în impressum.
1. Publicații online de cultură,A. Lista principală de publicații (58 intrări),Magyar Hang (Kultúra),"Săptămânal și portal conservator-civic, independent (Limbă: maghiară)",https://hang.hu (fost magyarhang.org),"György Zsombor (főszerkesztő-ügyvezető); Farkas Melinda, Katona Mariann, Wekerle Szabolcs (főszerkesztő-helyettesek); Ficsor Benedek (főmunkatárs, felelős szerkesztő: Budai Hang, kultúra, ökológia, interjúk); jurnaliști de cultură: Lakner Dávid (kultúra, társadalom, interjú), Makrai Sonja (kultúra, interjúk, gasztronómia, programok), Pethő Tibor (kultúra, történelem); critici de film: negăsit",szerk@hang.hu (pe pagină: „szerk [at] hang [dot] hu”); elofizetes@hang.hu; email cultură: negăsit,+36 70 210-7343 (zilele lucrătoare 10–18),"Szerkesztőség: 1095 Budapest, Mester u. 33–35. félemelet 7.; editor: Alhambra-Press Kft.",https://hang.hu/impresszum ; https://hang.hu/informacio/kapcsolat-25071,"Domeniul magyarhang.org întoarce eroarea 525, iar site-ul activ este hang.hu. Redacția avertizează că nu are nicio legătură cu organizația „aHang”."
1. Publicații online de cultură,A. Lista principală de publicații (58 intrări),Válasz Online,"Portal de analiză și reportaj, conservator-independent (Limbă: maghiară)",https://www.valaszonline.hu,"Membrii redacției, fără funcții în impressum (cu excepția lui Bódis András): Ablonczy Bálint, Bódis András (felelős kiadó), Borbás Barna, Élő Anita, Laky Zoltán, Stumpf András, Vörös Szabolcs, Zsuppán András; főszerkesztő / rovatvezető cultură: negăsit","szerk@valaszonline.hu (central); adrese individuale de forma numeprenume@valaszonline.hu, ex.: ablonczybalint@, bodisandras@, borbasbarna@, eloanita@, lakyzoltan@, stumpfandras@, vorosszabolcs@, zsuppanandras@valaszonline.hu",+36 70 593-8989,"Válasz Online Kiadó Kft., poștă: 1118 Budapest, Ménesi út 19. fszt. 1.",https://www.valaszonline.hu/impresszum/,Pe pagină emailurile sunt scrise cu „[kukac]” în loc de @. Impressum-ul nu indică cine se ocupă de cultură.
1. Publicații online de cultură,A. Lista principală de publicații (58 intrări),Jelen (jelen.media),Săptămânal/portal de stânga-liberal (Limbă: maghiară),https://jelen.media,"Lakner Zoltán (főszerkesztő); Krajczár Gyula (főszerkesztő-helyettes); Tóth Ákos (főmunkatárs); munkatársak: Ács Petra, Kormos Lili, Ónody-Molnár Dóra, Tamás Ervin; Simon Márk (foto/video); rovatvezető cultură: negăsit",Așa cum apar (decodate din protecția Cloudflare): hello@jelen.media.hu; lakner.zoltan@jelen.media.hu; krajczar.gyula@jelen.media.hu; toth.akos@jelen.media.hu etc.,negăsit,"Liberty Press Kft., 1054 Budapest, Honvéd utca 8.",https://jelen.media/impresszum/,"ATENȚIE: domeniul din emailuri („@jelen.media.hu”) diferă de cel al site-ului (jelen.media), deci adresele trebuie verificate înainte de folosire. SCHIMBARE: editorul Liberty Press a cumpărat majoritatea Népszava, iar Lakner Zoltán și Tóth Ákos trec la Népszava (vezi rândul Népszava). Viitorul Jelen ca titlu separat: negăsit."
1. Publicații online de cultură,A. Lista principală de publicații (58 intrări),168.hu (fost 168 Óra),Portal de știri liberal (Limbă: maghiară),https://168.hu,"Kurucz Barbara, Szentkuthy Nikolett (vezető szerkesztők); Grünzweig Gábor (felelős kiadó); főszerkesztő / cultură: negăsit",info@168.hu (redacție și „Hírügyelet”),negăsit,"Telegráf Kiadó Kft., Szerkesztőség: 1037 Budapest, Bécsi út 252.",https://168.hu/impressum (/impresszum dă 404),"Impressum-ul nu are főszerkesztő. Tóth Ákos, care a condus 168 Óra trei ani, devine főszerkesztő la Népszava (vezi rândul Népszava)."
1. Publicații online de cultură,A. Lista principală de publicații (58 intrări),Kultura.hu,"Portal cultural general (agenda, literatură, teatru, muzică, patrimoniu) (Limbă: HU)",https://kultura.hu,Editor/redactor responsabil: Petőfi Kulturális Ügynökség Nonprofit Zrt. (persoane individuale: negăsit),kultura.hu@petofi.hu (redacție); info@petofi.hu (general),negăsit,"1033 Budapest, Hajógyár utca 18386/9.",https://kultura.hu/impresszum/,Activ (articol 1 oct. 2026 despre Festivalul Internațional de Carte). Publicat de PKÜ (agenție culturală de stat). Nu figurează nume de redactori în impressum.
1. Publicații online de cultură,A. Lista principală de publicații (58 intrări),Revizor (Revizoronline),"Critică de teatru, dans, operă, film, literatură, arte vizuale (Limbă: HU)",https://revizoronline.com,"Jászay Tamás (redactor-șef); Csáki Judit, Puskás Panni, Merényi Ágnes, Orbán Krisztina (redactori); Fórizs Dániel (video); Balassa Zsófia (project manager)",szerk@revizoronline.com (redacție); jaszay.tamas@revizoronline.com; csaki.judit@revizoronline.com; merenyi.agnes@revizoronline.com; video@revizoronline.com,negăsit,"1137 Budapest, Radnóti Miklós u. 40.",https://revizoronline.com/impresszum/,"Activ (© 2026). Atenție: pe pagină, numele „Puskás Panni” are link tot spre merenyi.agnes@ (probabil eroare a site-ului), deci nu există email propriu verificat pentru ea. Foști membri listați: Gál Bereniké, László Ferenc, Miklós Melánia, Rick Zsófi. Sursă de top pentru teatru."
1. Publicații online de cultură,A. Lista principală de publicații (58 intrări),Prae.hu,"Portal de artă: literatură, teatru, film, muzică, arhitectură, art&design, copii (Limbă: HU)",https://www.prae.hu,"Balogh Endre (redactor-șef); Horváth Florencia (redactor-șef adjunct). Șefi de rubrică: Kiss Dalma (film), Baluja Petra (teatru), Maros Márk (literatură), Ajtai Péter (muzică), Boczán Bea (copii), Borsai Szandra (arhitectură), Parragh Péter (art&design). Revista tipărită Prae: L. Varga Péter (redactor-șef)",info@prae.hu (general); endre@prae.hu (redactor-șef/ofertă media); horvath.florencia@prae.hu; dalma.kiss91@gmail.com (film); balujapetra@gmail.com (teatru); marosmark01@gmail.com (literatură); ajtaipetya@gmail.com (muzică),negăsit,"1067 Budapest, Eötvös u. 34. (Palimpszeszt Kulturális Alapítvány)",https://www.prae.hu/page/impresszum/,Activ (stagiari pentru semestrul de toamnă 2026). Pe site emailurile sunt scrise „(at)”; aici le-am redat cu @. Sprijinit de PKÜ.
1. Publicații online de cultură,A. Lista principală de publicații (58 intrări),Kultúrpart,"Portal cultural general: film, teatru, literatură, muzică, dans, folk, arte vizuale, podcast (Limbă: HU)",https://kulturpart.hu,"Küttel Dávid (director executiv, editor responsabil); redacție: Bényi Péter, Küttel Dávid, Macher Bori, Szonda Györgyi","szerkesztoseg@kulturpart.hu (scrisori către redacție, comunicate de presă, invitații); penzugy@kulturpart.hu (vânzări/financiar)",+36 20 3615142,"Redacție: 1116 Budapest, Sztregova u. 1.; sediul editorului: 8096 Sukoró, Zalka utca 6.",https://kulturpart.hu/2015/10/08/kulturpart-impresszum,Activ (postări 18 sept. 2026). Editor: Kultúrpart Kft. Adresă explicită pentru comunicate de presă.
1. Publicații online de cultură,A. Lista principală de publicații (58 intrări),Litera.hu,"Portal literar (știri, cronici, interviuri, texte noi) (Limbă: HU)",https://litera.hu,"Nagy Gabriella (redactor-șef); Szekeres Dóra, Greff András, Bodor Emese (redactori); Jánossy Lajos (colaborator principal); Gyöngyösi Lilla (colaboratoare); Valuska Gábor (media manager)",litera@litera.hu (general); nagygabi0617@gmail.com; doraszekeres@gmail.com; greffandras80@gmail.com; bodoremesereka@gmail.com,negăsit,"1024 Budapest, Keleti Károly utca 15/A, B épület, III. emelet 15",https://litera.hu/impresszum,Activ (sept. 2026). Editor: Litera.hu Kft. Aceeași adresă ca Könyves Magazin și HLO (ecosistem comun).
1. Publicații online de cultură,A. Lista principală de publicații (58 intrări),Élet és Irodalom (ÉS),"Săptămânal literar și politic (publicistică, literatură, critică, arte) (Limbă: HU)",https://www.es.hu,"Kovács Zoltán (redactor-șef); Károlyi Csaba (redactor-șef adjunct: foileton, critică de carte, interviu cultural); Váncsa István (redactor-șef adjunct); Ruff Borbála (redactor de text, critică de artă); Grecsó Krisztián (proză); Csuhai István (poezie); Széky János (externe); Szikszai Károly (expoziții, grafică)",es@es.hu (redacție); kovacs@es.hu; karolyi@es.hu; vancsa@es.hu; ruff@es.hu; grecso@es.hu; csuhai@es.hu; hirdetes@es.hu; lapterjesztes@es.hu,"+36-1-303-9211, +36-1-210-2157; fax +36-1-303-9241","1089 Budapest, Magyarok Nagyasszonya tér 10. (intrare din Gaal Mózes utca); poștă: 1450 Budapest, Pf. 84",https://www.es.hu/impresszum ; https://www.es.hu/kapcsolat,"Activ (anul LXX, nr. 40, 2 oct. 2026). Editor: Irodalom Kft. Termenul pentru materiale (lapzárta): luni, ora 11. Pe impressum, numele Károlyi are link greșit spre vancsa@; pagina Kapcsolat confirmă karolyi@es.hu."
1. Publicații online de cultură,A. Lista principală de publicații (58 intrări),Színház.online,"Portal de știri și interviuri de teatru (inclusiv secțiunea „Határontúl”, teatru maghiar de peste graniță, operetă, musical, dans, film, carte) (Limbă: HU)",https://szinhaz.online,"Tóth Berta (redactor-șef); Vass Kata (jurnalistă, rubrica musical)",szinhazonline@gmail.com,negăsit,negăsit,https://szinhaz.online/impresszum (conținut încărcat prin JS; pagina modificată 2025-03-28),Activ (dată afișată 2 oct. 2026). Este o publicație separată de szinhaz.hu. Înregistrată la NMHH.
1. Publicații online de cultură,A. Lista principală de publicații (58 intrări),Színház folyóirat (szinhaz.net),Revistă de critică și teorie teatrală (din ian. 2023 doar online; arhivă din 1968) (Limbă: HU),https://szinhaz.net,"Redacție: Holpár Anna, Iványi-Szabó Rita, Pólya Emese, Sándor Panka; colaboratori principali: Boros Kinga, Gabnai Katalin, Proics Lilla; secretar de redacție: Váradi Nóra; președinta consiliului fundației: Tompa Andrea. Redactor-șef: negăsit (nu e listat)",szerkesztoseg@szinhaz.net,negăsit,"1027 Budapest, Jurányi u. 1.",https://szinhaz.net/impresszum/ ; https://szinhaz.net/kapcsolat/,Activ (articole sept. 2026). Editor: Színház Alapítvány. Funcția de redactor-șef nu apare în impressum.
1. Publicații online de cultură,A. Lista principală de publicații (58 intrări),Fidelio,"Muzică clasică, operă, dans, teatru, arte vizuale, literatură (Limbă: HU)",https://fidelio.hu,"Várhegyi András (redactor-șef); Kondor Kata (șefă de rubrică, redactor responsabil); Varga Bence (șef de rubrică); Rosznáky Emma (director publicație); Zimányi Zsófia (editor responsabil, director general)",fidelio@fidelio.hu (redacție); program@fidelio.hu (trimitere de evenimente pentru agendă); sales@fidelio.hu,+36-1-784-1091,"1052 Budapest, Szervita tér 5. I. em. 7-8.",https://fidelio.hu/impresszum.html,Activ (© 2002-2026). Editor: Programmagazin Kiadó Kft. Emailurile erau ascunse prin Cloudflare și au fost decodate din pagină.
1. Publicații online de cultură,A. Lista principală de publicații (58 intrări),Artmagazin,Revistă de arte vizuale contemporane (tipărită + online) (Limbă: HU (+ secțiune „In English”)),https://www.artmagazin.hu,"Topor Tünde (redactor-șef, editor responsabil); Zelei Bori (redactor de text); Tormási Anita (director publicație); Online: Cserna Endre, Tóth Lili Rebeka, Urbán Nóra (redactori)",info@artmagazin.hu; topor@artmagazin.hu; tormasi@artmagazin.hu; cserna.endre@artmagazin.hu; lili.toth@artmagazin.hu; urban.nora@artmagazin.hu,negăsit,"1061 Budapest, Paulay Ede u. 55. (poștă: Artmagazin - LOFFICE, aceeași adresă)",https://www.artmagazin.hu/impressum,Activ (Budapest Contemporary 2026 pe homepage). Editor: Art Magazin Kft.
1. Publicații online de cultură,A. Lista principală de publicații (58 intrări),PUNKT,"Revistă online de fotografie (HU, Europa Centrală și de Est; fotografie și film) (Limbă: HU / EN)",https://punkt.hu,"Baki Péter (redactor-șef fondator, director executiv); Baki László (redactor)",info@punkt.hu; peter.baki@punkt.hu; laszlo.baki@punkt.hu,negăsit,"1065 Budapest, Nagymező utca 20. (Magyar Fotográfusok Háza Nonprofit Kft.)",https://punkt.hu/kapcsolat/ ; https://punkt.hu/rolunk/,Activ (oct. 2026). Editor: Mai Manó Ház (Magyar Fotográfusok Háza). Bilingv.
1. Publicații online de cultură,A. Lista principală de publicații (58 intrări),Könyves Magazin,"Revistă de carte și literatură (știri, cronici, podcast, fragmente) (Limbă: HU)",https://konyvesmagazin.hu,"Tasi Annabella (redactor-șef); Valuska László (director publicație); Orosz Anett (redactor); Bakó Sára, Szabolcsi Alexander, Chilembu Krisztina (jurnaliști); Mátyás Kitti (șefă comunicare); Loósz Johanna (manager comunicare)",szerk@konyvesmagazin.hu (redacție); tasi.annabella@konyvesmagazin.hu; valuska.laszlo@konyvesmagazin.hu; bako.sara@konyvesmagazin.hu; szabolcsi.alexander@konyvesmagazin.hu; chilembu.krisztina@konyvesmagazin.hu,negăsit,"1024 Budapest, Keleti Károly utca 15/a., B. épület 3. em./15.",https://konyvesmagazin.hu/impresszum/,Activ (oct. 2026). Editor: Könyves Magazin Kft. Pe site emailurile sunt scrise „[kukac]/[pont]”; aici le-am redat. Redactor-șef actual: Tasi Annabella; Valuska László apare acum ca director de publicație (data schimbării: negăsit).
1. Publicații online de cultură,A. Lista principală de publicații (58 intrări),Kortárs Online (KO),"Revistă culturală online (literatură, critică, arte), legată de revista Kortárs (Limbă: HU)",https://kortarsonline.hu,"Thimár Attila (redactor-șef); Dobri Imre (redactor coordonator); Hlavacska András, Katona Alexa, Túri Judit, Krek Norbert (redactori); Skaliczki Orsolya, Ackermann Rita (redactori de text)",kortarsonline@gmail.com (general); thimar.kortars@gmail.com; imredobri.kortarsonline@gmail.com; hlavacskandras@gmail.com; lexa.katona@gmail.com; turijudit.kortars@gmail.com; norbert.krek@gmail.com,negăsit,"1062 Budapest, Bajza u. 18. (Kortárs Folyóirat Kiadói Kft.)",https://kortarsonline.hu/impresszum.html,Activ (articole 30 sept. și 2 oct. 2026). Pe site emailurile sunt scrise „[kukac]”; aici le-am redat cu @.
1. Publicații online de cultură,A. Lista principală de publicații (58 intrări),Librarius,"Revistă culturală și mondenă: literatură, film, teatru, arte vizuale, muzică (Limbă: HU (+ secțiune EN))",https://librarius.hu,"Podmaniczky Szilárd (redactor-șef, cofondator); Kovács Bodor Sándor (editor foto); Bodó Gabriella (vânzări, manager cultural)",librarius@librarius.hu; bodogabi55@gmail.com (vânzări),06-30-449-0618 (redactor-șef),"„publică, dar se cere pe e-mail” (adresa nu e afișată)",https://librarius.hu/librarius/,Activ (oct. 2026). Operat din 2010 de Podmaniczky Művészeti Alapítvány.
1. Publicații online de cultură,A. Lista principală de publicații (58 intrări),Recorder,"Muzică pop/rock, cronici de film și seriale, revistă tipărită și podcast (Limbă: HU)",https://recorder.blog.hu (recorder.hu redirecționează aici),negăsit,szerk@recorder.hu (redacție); sales@recorder.hu (publicitate),06.30.2803098,negăsit,http://recorder.blog.hu/2011/01/10/kapcsolat_2025,"Activ (postare 2 oct. 2026). Profil mai ales muzical, cu ceva film. Relevanță medie pentru ICR."
1. Publicații online de cultură,A. Lista principală de publicații (58 intrări),Metropolis,Revistă academică de teoria și istoria filmului (trimestrială) + rubrică online „Magazin” (Limbă: HU),https://www.metropolis.org.hu,"Vajdovich Györgyi (felelős szerkesztő); Margitházi Beja, Varga Balázs, Vincze Teréz (szerkesztők); Jordán Helén (szerkesztőségi munkatárs); Milojev-Ferkó Zsanett (Magazin online); Varga Balázs (felelős kiadó); Holczer Miklós (difuzare)",metropolis@metropolis.org.hu (scris „metropolis [kukac] metropolis.org.hu”),06-20-4832523 (Jordán Helén),"KDKKA, 1082 Bp., Horváth Mihály tér 16.",https://www.metropolis.org.hu/rolunk,"Activ (articol Magazin 2026-09-06). Profil academic, legat de ELTE. Relevant pentru cinema de autor românesc (eventual dosar tematic)."
1. Publicații online de cultură,A. Lista principală de publicații (58 intrări),Apertúra,Revistă academică online de film și media (Szeged) (Limbă: HU),https://www.apertura.hu,"Füzi Izabella (felelős szerkesztő, fuziza@yahoo.com); Török Ervin (szerkesztő, et51ma@yahoo.com); Matuska Ágnes (szerkesztő, magnes@lit.u-szeged.hu); Kapás Zsolt Zsombor (közkapcsolati asszisztens); Erdei Lilla (szerkesztőasszisztens)",aperturafolyoirat@yahoo.co.uk,0036-62/544-827,"Apertúra, Szegedi Tudományegyetem BTK, 6722 Szeged, Egyetem u. 2.",https://www.apertura.hu/impresszum/ ; https://www.apertura.hu/kapcsolat/,"Activ (număr 2026/tavasz). Profil academic, nu cronici de actualitate. Atenție: în meniu apare un link spam („Aviator game”) – posibil site compromis. Impresszum și Kapcsolat diferă la asistenți."
1. Publicații online de cultură,A. Lista principală de publicații (58 intrări),A hetedik sor közepe,Blog/portal de critică de film (Limbă: HU),https://hetediksor.hu,Csizmazia „Cheese” Gábor (társalapító / főszerkesztő),negăsit,negăsit,negăsit,https://hetediksor.hu/impresszum/,Activ (articole 2026-09-29). Fără email pe impresszum. Găsit prin căutarea „filmkritika oldal”.
1. Publicații online de cultură,A. Lista principală de publicații (58 intrări),Kritikus Tömeg,Comunitate/bază de date de filme cu recenzii ale utilizatorilor (din 2003) (Limbă: HU),https://kritikustomeg.org,"Editori (pseudonime): Ágó, ChrisAdam, cucu (KT alapító, fejlesztő, szerkesztő), jesi, Joeker81, oscarmániás, The Hungarian, Ugor; Németh András (hosting)",kritikustomeg@gmail.com,negăsit,negăsit,https://kritikustomeg.org/impresszum/ (emailul e injectat prin JS din /static/ktapp/js/kt.js),"Activ (comentarii sept. 2026). Comunitate de cinefili, nu redacție profesionistă – prioritate scăzută."
1. Publicații online de cultură,A. Lista principală de publicații (58 intrări),Filmdroid,Blog de critică de film (scurte cronici) (Limbă: HU),https://filmdroid.hu,"Autori (pseudonime): nikodemus, doro_ ; nume reale negăsite",filmdroid.blog@gmail.com („Küldj nekünk levelet!”),negăsit,negăsit,https://filmdroid.hu/ (link mailto pe homepage),"Activ (articole 2026/09). Blog mic, prioritate scăzută."
1. Publicații online de cultură,A. Lista principală de publicații (58 intrări),Funzine,Ghid de programe și lifestyle Budapesta (online + revistă gratuită) (Limbă: HU / EN),https://funzine.hu,"György Mária, Szabó Hajnalka (redactori-șefi / responsabili); Almási Fanni, Jakab Viktor, Nyull Fanni (redacție); Forrai Kovács Krisztina (director general)",editorial@funzine.hu (redacție); info@funzine.hu (general); gyorgy.maria@funzine.hu; szabo.hajnalka@funzine.hu,negăsit,"FUNZINE Média Kft., 1053 Budapest, Kálvin tér 2. III/4.",https://funzine.hu/impresszum/,"Activ (articole din 2 oct. 2026). Impresszumul afișează „© 2017-2018”, deci poate fi neactualizat. Pentru comunicate: editorial@."
1. Publicații online de cultură,A. Lista principală de publicații (58 intrări),We Love Budapest,"Ghid de programe, gastronomie și cultură în Budapesta (Limbă: HU / EN)",https://welovebudapest.com,"Zacsek Ágnes (redactor-șef); Kovács Dávid (redactor-șef adjunct); Sütöri Laura (editor programe); Fürdős Zsanett, Nagy Zsófia, Wágner Gábor, Gedeon Lili (jurnaliști)",program@welovebudapest.com (trimitere evenimente); info@welovebudapest.com (general); agnes.zacsek@welovebudapest.com; laura.sutori@welovebudapest.com,negăsit,"We Love Budapest Kft., 1036 Budapest, Lajos utca 48-66. E. ép.",https://welovebudapest.com/impresszum/ ; https://welovebudapest.com/kapcsolat,Activ (2 oct. 2026). Adresa dedicată programelor e cea mai potrivită pentru anunțuri de evenimente ICR.
1. Publicații online de cultură,A. Lista principală de publicații (58 intrări),Pesti Műsor (PM Online),"Ghid cultural lunar (teatru, film, muzică, expoziții, carte) (Limbă: HU)",https://pestimusor.hu,Somosköi Gábor (director general și redactor-șef); Tarján Vera (redactor responsabil); Sallai Júlia (manager publicitate),tarjanv@pestimusor.hu (contact general/redacție); sallaij@pestimusor.hu (publicitate),"30/826-1776 (Sallai Júlia, publicitate)",negăsit (editor: Geopress Magazin és Szaklap Kiadó Zrt.),https://pestimusor.hu/index.php?sect=impresszum,"Site online, dar footer „2009-2023”; activitatea în 2025-2026 neconfirmată clar. /impresszum direct dă 404."
1. Publicații online de cultură,A. Lista principală de publicații (58 intrări),BudapestInfo (BFTK),"Portal turistic oficial al Primăriei Budapesta, inclusiv agendă de programe (Limbă: HU / EN / altele)",https://www.budapestinfo.hu,negăsit,press@budapestinfo.hu (presă); festivalmanagement@budapestinfo.hu (organizare programe); tourism@budapestinfo.hu,negăsit,"BFTK Nonprofit Kft., H-1052 Budapest, Városház utca 9-11.",Broșură PDF de pe site: https://www.budapestinfo.hu/storage/files/LlEeXVKizNgYtHSTMETD47Ku9bb7BXp1kTOJybkc.pdf,Paginile de contact/impresszum se încarcă prin JS și nu au putut fi citite; emailurile provin din broșura oficială (data documentului neidentificată). De reverificat.
1. Publicații online de cultură,A. Lista principală de publicații (58 intrări),The Budapest Times,"Știri, cultură, comunitate expat (Limbă: EN)",https://www.budapesttimes.hu,Jan Mainka (editor),editor@bzt.hu (redacție); verlag@bzt.hu (editură),+36 30 645 9108,"BZT Media Kft., 1026 Budapest, Gábor Áron utca 16",https://www.budapesttimes.hu/impressum/,Nu e numit niciun redactor-șef. Aceeași editură ca Budapester Zeitung (BZT).
1. Publicații online de cultură,A. Lista principală de publicații (58 intrări),Daily News Hungary,"Portal de știri, turism și cultură (Limbă: EN)",https://dailynewshungary.com,"negăsit (doar semnături: Hetzmann Mercédesz, Csaba Finta, Bálint Csontos ș.a.; fără funcții)",info@dailynewshungary.com,negăsit,"II. János Pál pápa tér 23. 2/66., Budapest 1081",https://dailynewshungary.com/contact/,Activ. Nu e numit niciun redactor-șef.
1. Publicații online de cultură,A. Lista principală de publicații (58 intrări),Hungary Today,"Știri și cultură, apropiat de guvern (Limbă: EN)",https://hungarytoday.hu,negăsit,editor@hungarytoday.hu (pe site scris „editor[at]hungarytoday[dot]hu”),negăsit,negăsit,https://hungarytoday.hu/contact-us/ ; https://hungarytoday.hu/about-us/,/impressum/ dă 404. Pe pagină nu apar nume sau telefon.
1. Publicații online de cultură,A. Lista principală de publicații (58 intrări),XpatLoop,"Portal pentru comunitatea internațională: știri, evenimente, lifestyle (Limbă: EN)",https://xpatloop.com,negăsit,info@xpatloop.com (acceptă explicit „contributions and Press Releases”),negăsit,negăsit,https://xpatloop.com/ (footer),Activ (2 oct. 2026). /impressum dă 404.
1. Publicații online de cultură,A. Lista principală de publicații (58 intrări),Budapest Business Journal (BBJ) – Lifestyle,"Business, cu secțiune Lifestyle/cultură (Limbă: EN)",https://bbj.hu,Robin Marshall (redactor-șef); Thomas Botka (responsabil publicație),news@bbj.hu (redacție); robin.marshall@bbj.hu; office@businesspublishing.hu,+36 1 398 0344,"Business Publishing Services Kft., 1075 Budapest, Madách I. út 13-14.",https://bbj.hu/about/contact/,Nu există editor Lifestyle numit. Emailurile erau ascunse (Cloudflare) și au fost decodate din codul paginii.
1. Publicații online de cultură,A. Lista principală de publicații (58 intrări),Telex English,Secțiunea în engleză a Telex (știri independente) (Limbă: EN (+HU)),https://telex.hu/english,Horváth Kávai Andrea (Telex English); Német Tamás (redactor-șef Telex); Liptai Lívia (editor Karakter/cultură),ugyelet@telex.hu (redacție); press@telex.hu (presă),+36 70 640 0003 (zile lucrătoare 09-17),"Telex.hu Zrt., 1036 Budapest, Perc utca 6, et. 2; poștă: 1300 Budapest, Pf. 107",https://telex.hu/impresszum,Activ (2 oct. 2026).
1. Publicații online de cultură,A. Lista principală de publicații (58 intrări),Hungarian Conservative,"Revistă/portal de opinie, politică și cultură (Limbă: EN)",https://www.hungarianconservative.com,"Tamás Magyarics (redactor-șef); István Kiss (redactor-șef adjunct); Gergely Dobozi (redactor-șef online, director general); Ildikó Geiger (managing editor); Eszter Enikő Mohácsi (online executive editor)",info@hungarianconservative.com,negăsit,"BL Nonprofit Ltd., 1067 Budapest, Eötvös utca 24",https://www.hungarianconservative.com/about/,Email decodat din protecția Cloudflare a paginii. Profil politic conservator.
1. Publicații online de cultură,A. Lista principală de publicații (58 intrări),Hungarian Literature Online (HLO),"Literatură maghiară tradusă în engleză (recenzii, interviuri, texte noi) (Limbă: EN)",https://hlo.hu,"Owen Good, Dóra Szekeres, Austin Wagner (editori); Hanna Zelma Horányi (editorial fellow)",hloeditors@gmail.com,negăsit,"Keleti Károly utca 15/A, B épület, III. emelet 15., 1024 Budapest",https://hlo.hu/contact ; https://hlo.hu/about-hlo,"Activ (oct. 2026). Legat de Litera.hu (aceeași adresă; editorii HLO apar și în impressum-ul Litera: o.d.good@gmail.com, wagnera1711@gmail.com, sursa https://litera.hu/impresszum). Util pentru comunicate în engleză."
1. Publicații online de cultură,A. Lista principală de publicații (58 intrări),InsightHungary (444),"Newsletter/portal în engleză al 444 (politică, societate) (Limbă: EN)",https://insighthungary.444.hu,negăsit (articole semnate „Insight Hungary”),negăsit,negăsit,negăsit (editor: Magyar Jeti Zrt.),https://insighthungary.444.hu/,Activ (2 oct. 2026). Nu are contacte proprii pe pagină; relevanța culturală e redusă.
1. Publicații online de cultură,A. Lista principală de publicații (58 intrări),ATV / atv.hu (opțional),Televiziune de știri + portal (Limbă: maghiară),https://www.atv.hu,"atv.hu: Győrik Ferenc (főszerkesztő); szerkesztők: Helmeczi Benjamin, Hazafi Zsolt, Szlazsánszky Ádám, Harmati-Nagy Brigitta, Bense Róbert; Bednárik Imre (hírigazgató); cultură: negăsit",info@atv.hu; sajto@atv.hu (sajtókapcsolatok),06 1 877 0800,"ATV Zrt., 1105 Budapest, Szent László tér 16. A. ép.",https://www.atv.hu/impresszum,–
1. Publicații online de cultură,A. Lista principală de publicații (58 intrări),RTL / rtl.hu (opțional),Televiziune comercială + portal de știri (are rubrică Kultúra) (Limbă: maghiară),https://rtl.hu,"Dobos Péter (főszerkesztő); Atanasziu Bettina (felelős szerkesztő); Borda Tamás, Kristyán Fanni, Nagy Alexandra (szerkesztésért felelős); cultură: negăsit",onlineszerkesztok@rtl.hu (redacție online); Kozonsegszolgalat@rtl.hu,+361 382 8283,"RTL Magyarország Zrt., 1065 Budapest, Dózsa György út 84/A (la „Elérhetőség” scrie 1068)",https://rtl.hu/impresszum,"Pagina are data 03.10.2021, deci unele nume pot fi depășite."
1. Publicații online de cultură,"B. Instituții și parteneri din domeniul filmului (nu sunt publicații, dar sunt utili pentru promovare sau parteneriat)",Nemzeti Filmintézet (NFI) – presă,"Institutul Național al Filmului (finanțare, arhivă, distribuție); nu e publicație (Limbă: HU/EN)",https://nfi.hu,"Jung Zsuzsanna (forgalmazás támogatási igazgató, jung.zsuzsanna@nfi.hu); Horváth Dóra (képzéstámogatási menedzser)",Sajtókapcsolat: sajto@nfi.hu ; general: nfi@nfi.hu,+36 1 461 1320 (titkárság),"1145 Budapest, Róna utca 174, N. épület; Postafiók: Budapest 1365 Pf. 748.",https://nfi.hu/a-filmintezetrol/kapcsolat,"Activ. Instituție, nu redacție; util pentru parteneriat/relații instituționale și distribuție. Organizează Budapesti Klasszikus Film Maraton."
1. Publicații online de cultură,"B. Instituții și parteneri din domeniul filmului (nu sunt publicații, dar sunt utili pentru promovare sau parteneriat)","Budapest Film / ARTMozi (Puskin, Művész, Toldi, Corvin, Tabán, Kino Cafe)",Rețeaua municipală de cinematografe de artă din Budapesta + distribuție + newsletter (Limbă: HU),https://artmozi.hu ; https://bpfilm.hu,"Liszka Tamás (vezérigazgató, liszka.tamas@bpfilm.hu); Rácz-Lenkei Katalin (gazdasági igazgató)",office@bpfilm.hu ; info@bpfilm.hu ; filmforgalmazás: forgalmazas@bpfilm.hu ; callcenter@bpfilm.hu,+36 1 224 5600 ; +36 1 224 5650 (de la 13:00),"Budapest Film Zrt., 1082 Budapest, Corvin köz 1.",https://bpfilm.hu/kapcsolat/ ; https://artmozi.hu/impresszum-art ; https://artmozi.hu/kapcsolat,Activ. artmozi.hu e operat de Budapest Film Zrt. (nu de Art-Mozi Egyesület). Fără adresă de presă dedicată; newsletter pe artmozi.hu. Parteneri potențiali pentru găzduirea proiecțiilor.
1. Publicații online de cultură,"B. Instituții și parteneri din domeniul filmului (nu sunt publicații, dar sunt utili pentru promovare sau parteneriat)",Art-Mozi Egyesület,"Asociația națională a cinematografelor de artă (Klassz Napok, Európai Art Mozi Nap) (Limbă: HU)",https://www.artmoziegyesulet.hu,Zsarnai Gábor (sajtóreferens),sajto@artmoziegyesulet.hu (scris „sajto kukac artmoziegyesulet.hu”),negăsit,"6720 Szeged, Vaszy Viktor tér 3.",https://www.artmoziegyesulet.hu/sajto/ ; https://www.artmoziegyesulet.hu/kapcsolat/,"Activ (știri 2026: Klassz Napok 2026-27, Cinefest 2026). Pagina Kapcsolat are doar formular. Alte adrese (vajda.melinda@, szervezes@, elnokseg@) apar doar în rezumatul căutării, NEverificate pe pagină – nu au fost incluse."
1. Publicații online de cultură,"B. Instituții și parteneri din domeniul filmului (nu sunt publicații, dar sunt utili pentru promovare sau parteneriat)",Mozinet,"Distribuitor de filme de artă (fosta revistă Mozinet Magazin, acum doar arhivă) (Limbă: HU)",https://mozinet.hu,"Böszörményi Gábor (ügyvezető, bg@mozinet.hu); Szalóky Bálint (PR-vezető, szb@mozinet.hu); Richolm Orsolya (PR-menedzser, richolm@mozinet.hu); Gyenis Ajándok (mozi- és VOD-forgalmazás, gyenis@mozinet.hu); Orzói Kristóf (Mozinet Nagylátószög, orzoi.kristof@mozinet.hu)",forgalmazas@mozinet.hu,negăsit,"Mozinet Kulturális Szolgáltató Kft., 1126 Budapest, Böszörményi út 13-15. 2. emelet 8.",https://mozinet.hu/impresszum,"Activ ca distribuitor. Mozinet Magazin NU mai apare – impresszumul spune că arhiva e pe www.mozinetmagazin.hu (site-ul nu a răspuns la verificare). Relevant ca distribuitor/partener, nu ca presă."
1. Publicații online de cultură,"B. Instituții și parteneri din domeniul filmului (nu sunt publicații, dar sunt utili pentru promovare sau parteneriat)",Verzió Film Festival (opțional),Festival internațional de film documentar despre drepturile omului (Budapesta) (Limbă: HU/EN),https://verzio.org,negăsit,info@verzio.org,negăsit,negăsit,https://verzio.org/hu/kapcsolat,"Activ – ediția 23, 16–25 noiembrie 2026. Festival, nu publicație; are pagină „Sajtó” neverificată."
1. Publicații online de cultură,"C. Publicații închise, inactive sau suspecte (NU se recomandă pentru lista de presă)",Artportal,"Declarat ca „nonprofit művészeti médium”; în prezent: știri, muzică, film (Limbă: HU)",https://artportal.hu,Nikola G. (redactor responsabil),contact@artportal.hu,(+36-1) 210-9105,"1091 Budapest, Üllői út 55.",https://artportal.hu/kapcsolat/ ; https://artportal.hu/impresszum/,"ATENȚIE: site-ul actual nu mai pare a fi vechiul portal de artă contemporană Artportal. Impressum-ul este generic, fără firmă înregistrată, iar redactorul apare doar ca „Nikola G.”. Conținutul (Hírek/Zene/Film, articole despre vedete) sugerează un domeniu preluat. Datele de contact sunt cele afișate, dar nu sunt verificate. Recomand excluderea sau verificarea separată."
1. Publicații online de cultură,"C. Publicații închise, inactive sau suspecte (NU se recomandă pentru lista de presă)",Színház.hu,"Portal de teatru (știri, interviuri, cronici), pe platforma blog.hu (Limbă: HU)",https://szinhaz.hu,Editor: PORT.hu Kft. (grupul Indamedia); persoane: negăsit,negăsit,negăsit,negăsit,https://szinhaz.blog.hu/2016/11/02/impresszum_222,INACTIV în practică: ultimele postări pe homepage sunt din 25 nov. 2020. Nu se recomandă pentru lista de presă.
1. Publicații online de cultură,"C. Publicații închise, inactive sau suspecte (NU se recomandă pentru lista de presă)",7óra7,"Portal de teatru (știri, interviuri, debutanți), pe blog.hu (Limbă: HU)",https://7ora7.hu,negăsit,7ora7mail@gmail.com,negăsit,negăsit,https://7ora7.hu/2015/10/08/impresszum_599,INACTIV: ultimele postări din aprilie 2017 (© 2008-2015). Se exclude din listă.
1. Publicații online de cultură,"C. Publicații închise, inactive sau suspecte (NU se recomandă pentru lista de presă)",Kultography,"Recomandări de film, carte, teatru, programe (fost blog/magazin) (Limbă: HU)",https://kultography.com,negăsit,negăsit,negăsit,negăsit,https://kultography.blog.hu/,"INACTIV: domeniul kultography.com nu mai rezolvă (NXDOMAIN, oct. 2026); blogul kultography.blog.hu are ultimele postări din martie 2017. Există doar o pagină de Facebook (facebook.com/Kultography), cu activitate neverificată. Se exclude."
1. Publicații online de cultură,"C. Publicații închise, inactive sau suspecte (NU se recomandă pentru lista de presă)",Quart,"Fost portal cultural (literatură, teatru, film) (Limbă: HU)",https://quart.hu,negăsit,negăsit,negăsit,negăsit,quart.hu → redirecționare 301 spre https://www.origo.hu/rovat/kultura,ÎNCHIS / absorbit: domeniul redirecționează spre rubrica de cultură Origo. Se exclude. Pentru cultură se poate contacta direct Origo Kultúra (contacte negăsite în această cercetare).
1. Publicații online de cultură,"C. Publicații închise, inactive sau suspecte (NU se recomandă pentru lista de presă)",Prizma (filmművészeti folyóirat online),Fostă revistă online de film pentru tineri critici (Limbă: HU),http://prizmafolyoirat.com,negăsit,negăsit,negăsit,negăsit,http://prizmafolyoirat.com/,ÎNCHISĂ / ABANDONATĂ: ultimul articol de film din 2022-05; din 2026 domeniul publică spam de cazinouri. A NU se include în lista de presă.
1. Presă scrisă de cultură,Tabel principal (ordonat după importanță pentru ICR – filmul primul),**Filmvilág**,"Revistă de artă cinematografică, cea mai importantă din Ungaria (Periodicitate: Lunar)",https://www.filmvilag.hu,"Vajda Judit (redactor-șef); Varró Attila, Baski Sándor, Gelencsér Gábor (redactori); Pamuk Anna (redactor-colaborator, editor responsabil); Kránicz Bence (colaborator extern)",filmvilag@filmvilag.hu,06-30-622-0574,"1029 Budapest, Zsíroshegyi út 119.",https://www.filmvilag.hu/impresszum.php ; https://www.filmvilag.hu/kapcsolat.php,**Prioritate 1 pentru Zilele Filmului Românesc.** Este singura revistă lunară de film în limba maghiară și depinde de donații/Patreon. Vajda Judit este și redactor la Filmtett.
1. Presă scrisă de cultură,Tabel principal (ordonat după importanță pentru ICR – filmul primul),**Metropolis**,Revistă științifică de teoria și istoria filmului (născută la ELTE) (Periodicitate: Trimestrial (4 numere/an)),https://www.metropolis.org.hu,"Vajdovich Györgyi (redactor responsabil); Margitházi Beja, Varga Balázs, Vincze Teréz (redactori); Jordán Helén (redacție); Milojev-Ferkó Zsanett (rubrica online „Magazin”); comitetul redacțional: Bíró Yvette, Gelencsér Gábor, Hirsch Tibor, Kovács András Bálint",metropolis@metropolis.org.hu,06-20-4832523 (Jordán Helén),"Editor: Kosztolányi Dezső Kávéház Kulturális Alapítvány, 1082 Budapest, Horváth Mihály tér 16.",https://www.metropolis.org.hu/rolunk,Potrivită pentru numere tematice și studii. Editor responsabil: Varga Balázs.
1. Presă scrisă de cultură,Tabel principal (ordonat după importanță pentru ICR – filmul primul),**Filmtett** (Cluj/Kolozsvár + birou la Budapesta),"Revistă de film în limba maghiară; acoperă cinema maghiar, maghiar din Transilvania și românesc; are și site-ul în limba română IstoriaFilmului.ro (Periodicitate: Online (a pornit în 2000 ca lunar tipărit))",https://filmtett.ro,Jakab-Benke Nándor (redactor-șef); Zágoni Bálint (director executiv); Buzogány Klára (redactor știri); Papp Attila Zsolt (redactor); Vodál Vera (șefa biroului din Budapesta),filmtett@filmtett.ro,negăsit,negăsit (Cluj; are birou la Budapesta),https://filmtett.ro/filmtett-egyesulet-impresszum,"**Extrem de relevantă pentru filmul românesc**, deși nu e tipărită și nu e din Ungaria. Organizează Filmtettfeszt."
1. Presă scrisă de cultură,Tabel principal (ordonat după importanță pentru ICR – filmul primul),**HVG** (săptămânal) – secția Kult,"Săptămânal de actualitate politică și economică, cu secție de cultură (Periodicitate: Săptămânal)",https://hvg.hu,"Gergely Márton (redactor-șef); Dobszay János (adjunct, HVG săptămânal); Bordás Gábor (adjunct, Élet-Szórakozás); Vándor Éva (Kult-Stílus); Tálas Andrea (Szellem)",hvg@hvg.hu; m.gergely@hvg.hu; e.vandor@hvg.hu; a.talas@hvg.hu; g.bordas@hvg.hu,+36 1 436 2001; +36 1 436 2244 (secretariat),"1037 Budapest, Montevideo utca 14.; adresă poștală: 1300 Budapest, Pf. 20",https://hvg.hu/impresszum,Cel mai mare săptămânal tipărit. Cultura propriu-zisă e la Vándor Éva (Kult-Stílus).
1. Presă scrisă de cultură,Tabel principal (ordonat după importanță pentru ICR – filmul primul),**Magyar Narancs** – secția cultură,"Săptămânal liberal, cu secție de cultură puternică (film, carte, teatru, muzică) (Periodicitate: Săptămânal)",https://magyarnarancs.hu,"Bojtár B. Endre (redactor-șef); Turcsányi Sándor (adjunct); **Karafiáth Orsolya (cultură)**; Legát Tibor (muzică); Bajnai Marcell (știri culturale, colaborator extern); Ambrus Vilmos (online)",magyar@narancs.hu; kiado@narancs.hu (abonamente),06-20/329-5900 (abonamente),"1064 Budapest, Vörösmarty u. 47/A",https://magyarnarancs.hu/rolunk/a_lap_imresszum-77332,Prioritar pentru film și literatură. Pe site emailul e scris „magyar [at] narancs [dot] hu”.
1. Presă scrisă de cultură,Tabel principal (ordonat după importanță pentru ICR – filmul primul),**Élet és Irodalom (ÉS)**,"Săptămânal literar și politic, cel mai important de acest fel (Periodicitate: Săptămânal)",https://www.es.hu,"Kovács Zoltán (redactor-șef); **Károlyi Csaba** (adjunct – foileton, critică de carte, interviuri culturale); Váncsa István (adjunct); Ruff Borbála (critică de artă); Grecsó Krisztián (proză); Csuhai István (poezie); **Széky János (străinătate)**; Szikszai Károly (expoziții, grafică)",es@es.hu; kovacs@es.hu; karolyi@es.hu; vancsa@es.hu; ruff@es.hu; grecso@es.hu; csuhai@es.hu,+36-1-303-9211; +36-1-210-2157; fax +36-1-303-9241,"1089 Budapest, Magyarok Nagyasszonya tér 10. (intrarea din str. Gaal Mózes); adresă poștală: 1450 Budapest, Pf. 84",https://www.es.hu/impresszum ; https://www.es.hu/kapcsolat,"Publică frecvent proză străină în traducere; pentru literatura română: Károlyi Csaba, Grecsó Krisztián. Pentru Károlyi, textul afișat e karolyi@es.hu, dar linkul de pe pagină trimite greșit la vancsa@."
1. Presă scrisă de cultură,Tabel principal (ordonat după importanță pentru ICR – filmul primul),**Népszava** – secția cultură,"Cel mai vechi ziar de stânga; din 2026 apare online, iar tipărit va apărea săptămânal (Periodicitate: Online zilnic; săptămânal tipărit din mijlocul lui oct. 2026)",https://nepszava.hu,"Horváth Gábor (redactor-șef interimar, conform impresumului); Ágoston Zoltán (redactor-șef online); Varga Dóra (adjunct); **Hompola Krisztina (șefa secției cultură)**; Simon Zoltán (rubrica literară „Szép szó”)",nepszava@nepszava.hu,+36 1 477-9000,"1191 Budapest, Vak Bottyán u. 75/A-C.",https://nepszava.hu/oldal/impresszum,"⚠ **În schimbare:** din octombrie 2026 redactor-șef devine Tóth Ákos (Index, 16.09.2026). Ediția tipărită zilnică a încetat pe 29.05.2026."
1. Presă scrisă de cultură,Tabel principal (ordonat după importanță pentru ICR – filmul primul),**Magyar Nemzet** – secția Kultúra,Conservator; de la 1.08.2026 apare tipărit doar săptămânal (Periodicitate: Săptămânal tipărit (din 1.08.2026) + online),https://magyarnemzet.hu,Néző László (redactor-șef); șeful secției cultură: negăsit în impresum,kapcsolat@magyarnemzet.hu,+36 1 999 47 60 (editura Mediaworks),"Mediaworks Hungary Zrt., 1082 Budapest, Üllői út 48.",https://magyarnemzet.hu/impresszum,⚠ Nu mai este cotidian (vezi contextul de mai sus).
1. Presă scrisă de cultură,Tabel principal (ordonat după importanță pentru ICR – filmul primul),**Mozgó Világ**,"Revistă lunară de cultură, societate și literatură (Periodicitate: Lunar)",https://mozgovilag.hu,P. Szűcs Julianna (redactor-șef); Rab László (redactor de corectură); Szűcs Péter (tehnoredactor),mozgo@mozgovilag.hu,06/30 473-4188,"1051 Budapest, Nádor u. 26.",https://mozgovilag.hu/kapcsolat/ ; https://mozgovilag.hu/munkatarsaink/,"Revistă de cultură generală, cu atenție la Europa Centrală."
1. Presă scrisă de cultură,Tabel principal (ordonat după importanță pentru ICR – filmul primul),**Kortárs**,"Revistă lunară de literatură, artă și critică (Periodicitate: Lunar)",https://www.kortarsfolyoirat.hu (online: https://kortarsonline.hu),"Thimár Attila (redactor-șef); comitet redacțional: Hlavacska András, Pécsi Györgyi, Sturm László, Túri Judit, Katona Alexa; Novotny Tihamér (arte vizuale); Máté Gabriella (secretar de redacție). Kortárs Online: Dobri Imre (redactor coordonator)",info.kortars@gmail.com; thimar.kortars@gmail.com; kortarsonline@gmail.com; imredobri.kortarsonline@gmail.com,negăsit,"1062 Budapest, Bajza u. 18.; adresă poștală: 1406 Bp., Pf. 93 (redacția e deschisă miercuri 11–14)",https://www.kortarsfolyoirat.hu/impresszum.html ; https://kortarsonline.hu/impresszum.html,Numărul din sept. 2026 a apărut. Termen de predare: pe 3 ale lunii dinaintea apariției.
1. Presă scrisă de cultură,Tabel principal (ordonat după importanță pentru ICR – filmul primul),**Magyar Napló** (+ Irodalmi Magazin),Revistă lunară de literatură a Uniunii Scriitorilor Maghiari (MÍSZ) (Periodicitate: Lunar),https://magyarnaplo.hu,"Szentmártoni János (redactor-șef); Bíró Gergely (adjunct, proză); Luzsicza István (poezie); Mirtse Zsuzsa (recenzii de carte); Ekler Andrea (studii); Nemes Attila (interviuri, PR); Pataky Adrienn (redactor-șef Irodalmi Magazin)",info@magyarnaplo.hu; proza@magyarnaplo.hu; vers@magyarnaplo.hu; kritika.magyarnaplo@gmail.com; nemesattila@magyarnaplo.hu,+36/1-413-6672; Bíró G. 70/388-7031; Nemes A. 70/421-7962,"Budapest, Ferenc krt. 14. I/5.; adresă poștală: 1450 Budapest, Pf. 77",https://magyarnaplo.hu/elerhetosegek ; https://magyarnaplo.hu/mn-impresszum,"Este și editură. Pentru evenimente, persoana de PR este Nemes Attila."
1. Presă scrisă de cultură,Tabel principal (ordonat după importanță pentru ICR – filmul primul),**Jelenkor** (Pécs),"Revistă lunară de literatură și artă, una dintre cele mai importante (Periodicitate: Lunar)",https://www.jelenkor.net,Ágoston Zoltán (redactor-șef); Görföl Balázs (adjunct / redactor responsabil); Fenyő Dániel (redactor); Kozma Gyöngyi (secretar de redacție); Parti Nagy Lajos (colaborator principal),jelenkor58@gmail.com,72/310-673; 215-305; 510-752; 510-753,"7621 Pécs, Széchenyi tér 7-8.",https://www.jelenkor.net/impresszum,Ágoston Zoltán este și redactor-șef online la Népszava. În 2024 revista a evitat închiderea printr-o campanie de donații.
1. Presă scrisă de cultură,Tabel principal (ordonat după importanță pentru ICR – filmul primul),**Alföld** (Debrecen),"Revistă lunară de literatură, artă și critică (Periodicitate: Lunar)",https://alfoldonline.hu,"Szirák Péter (redactor-șef); Áfra János (literatură, imagine); Fodor Péter (studii); Herczeg Ákos (rubrica Kilátó); Lapis József (recenzii; redactor coordonator online); Sáriné Nagy Magdolna (asistentă de redacție)",alfoldfolyoirat@gmail.com; szirak.peter@arts.unideb.hu; janosafra@gmail.com; lapisjozsef@gmail.com,negăsit,"4024 Debrecen, Piac u. 68.; 4001 Debrecen, Pf. 144",https://alfoldonline.hu/magunkrol/,"Revistă importantă la nivel național, cu rubrică de critică."
1. Presă scrisă de cultură,Tabel principal (ordonat după importanță pentru ICR – filmul primul),**Tiszatáj** (Szeged),"Revistă lunară de literatură, artă și societate + magazin cultural online (Periodicitate: Lunar)",https://tiszatajonline.hu (tipărit: www.tiszataj.hu),"Hász Róbert (redactor-șef); Annus Gábor (adjunct; redactor responsabil online); Orcsik Roland, Tóth Ákos (redactori); online: Kollár Árpád (literatură), Nátyi Róbert (arte vizuale), Horváth Péter (teatru)",tiszataj@tiszataj.hu (tipărit); szerk@tiszatajonline.hu (online); annus@tiszatajonline.hu,negăsit pe pagina oficială actuală (arhiva EPA indică (62) 421-549 – posibil depășit),"negăsit pe pagina oficială actuală (EPA: 6741 Szeged, Rákóczi tér 1 – posibil depășit)",https://tiszatajonline.hu/impresszium/,"Site-ul tiszataj.hu nu a răspuns la verificare. Orcsik Roland e traducător (din sârbă), deci revista e deschisă literaturii vecinilor."
1. Presă scrisă de cultură,Tabel principal (ordonat după importanță pentru ICR – filmul primul),**Forrás** (Kecskemét),"Revistă lunară de literatură, artă și sociografie (Periodicitate: Lunar)",https://www.forrasfolyoirat.hu,"Füzi László (redactor-șef); Csenki Nikolett, Füzi Péter, Pál-Kovács Sándor Attila (redactori); Bosznay Ágnes (secretar de redacție)",forras@forrasfolyoirat.hu,76/500-550 interior 111,"6000 Kecskemét, Piaristák tere 8.",https://www.forrasfolyoirat.hu/impresszum,Redacția răspunde în zilele lucrătoare între 10 și 12.
1. Presă scrisă de cultură,Tabel principal (ordonat după importanță pentru ICR – filmul primul),**Hitel**,"Revistă lunară de literatură, societate și artă (orientare național-conservatoare) (Periodicitate: Lunar (neconfirmat explicit pe site))",https://hitelfolyoirat.hu,Papp Endre (redactor-șef); Léka Géza (poezie); Isó M. Emese (istoria artei); Nagy Gábor (proză și critică); Kovács Nóra (secretar de redacție),papp@hitelfolyoirat.hu; szerk@hitelfolyoirat.hu; nagy@hitelfolyoirat.hu; leka@hitelfolyoirat.hu,negăsit,"Editor: Nemzeti Kultúráért és Irodalomért Alapítvány, 1078 Budapest, Hernád u. 56/B",https://hitelfolyoirat.hu/szerkesztoseg/,Linkurile mailto de pe pagină trimit toate la papp@; adresele de mai sus sunt cele afișate în text.
1. Presă scrisă de cultură,Tabel principal (ordonat după importanță pentru ICR – filmul primul),**Vigilia**,"Revistă lunară catolică de cultură (literatură, religie, filosofie) (Periodicitate: Lunar)",https://vigilia.hu,"Görföl Tibor (redactor-șef); Puskás Attila (redactor responsabil); Bende József, Kisnémet Fülöp, Pataki Elvira, Varga Szabolcs, Vörös István (redactori)",vigilia@vigilia.hu,+36 1 486-4445 (redacție); +36 1 486-4443 (administrație),"1052 Budapest, Piarista köz 1., etajul I",https://vigilia.hu/kapcsolat,"Redacția primește marți și joi, 10–14."
1. Presă scrisă de cultură,Tabel principal (ordonat după importanță pentru ICR – filmul primul),**Bárka** (Békéscsaba),"Revistă de literatură, artă și societate (Periodicitate: La două luni)",http://www.barkaonline.hu,"Elek Tibor (redactor-șef); Farkas Wellmann Éva (adjunct, redactor online); Kiss László (poezie); Szil Ágnes (proză); Márta Diána (secretar de redacție)",barkaszerk@gmail.com; titkar.barka@gmail.com,06-66-519-558,"5600 Békéscsaba, Andrássy út 1-3.",http://www.barkaonline.hu/szerkesztseg,Editată de Teatrul Jókai din Békéscsaba. Farkas Wellmann Éva este din Transilvania.
1. Presă scrisă de cultură,Tabel principal (ordonat după importanță pentru ICR – filmul primul),**Műút** (Miskolc),"Revistă de literatură, artă și critică + portal (Periodicitate: Periodicitate neprecizată pe pagină)",https://muut.hu,"Jenei László (redactor-șef); Kőrizs Imre, Krupp József, Lukács Flóra (redactori); Tasi Réka (redactor de corectură)",muut@muut.hu; jenei@muut.hu,negăsit,"3530 Miskolc, Széchenyi I. u. 14.",https://muut.hu/impressz,Redacția avertizează că răspunde sigur doar la textele comandate sau acceptate.
1. Presă scrisă de cultură,Tabel principal (ordonat după importanță pentru ICR – filmul primul),**Új Forrás**,Revistă de literatură și artă (Tatabánya / Baj) (Periodicitate: negăsit),https://ujforras.hu,"Jász Attila (redactor-șef, poezie); Reichert Gábor (adjunct, critică); Szénási Zoltán (proză)",jasz.attila@ujforras.hu; jaszatti@gmail.com; reichertgabor87@gmail.com; szenazol@gmail.com,negăsit,"Új Forrás Kiadó Nonprofit Kft., 2836 Baj-Szőlőhegy 2722/4",https://ujforras.hu/adatvedelmi-kozpont/impresszum/,Pe site scrie „© 2025”; nu am confirmat dacă ediția tipărită mai apare.
1. Presă scrisă de cultură,Tabel principal (ordonat după importanță pentru ICR – filmul primul),**Prae** (revista tipărită) + prae.hu (portal de artă),Revistă de literatură și studii culturale (din 1999) + portal de artă (Periodicitate: negăsit),https://www.prae.hu,"Revista Prae: L. Varga Péter (redactor-șef); H. Nagy Péter, Lapis József (redactori). Portalul: Ajtai Péter (adjunct, muzică)",kultikus@gmail.com (L. Varga P.); h.nagyp@gmail.com; lapisjozsef@gmail.com; info@prae.hu (portal),negăsit,"Palimpszeszt Kulturális Alapítvány, 1067 Budapest, Eötvös u. 34.",https://www.prae.hu/page/impresszum/,Portalul prae.hu publică știri culturale și recenzii (inclusiv de film). Numele redactorului-șef al portalului nu s-a extras.
1. Presă scrisă de cultură,Tabel principal (ordonat după importanță pentru ICR – filmul primul),**Artmagazin**,Revistă de arte vizuale (Periodicitate: negăsit (în mod tradițional 8 numere/an – neverificat)),https://www.artmagazin.hu,"Topor Tünde (redactor-șef, editor responsabil); Zelei Bori (redactor de corectură); online: Cserna Endre, Tóth Lili Rebeka",info@artmagazin.hu; topor@artmagazin.hu; cserna.endre@artmagazin.hu; lili.toth@artmagazin.hu,negăsit,"1061 Budapest, Paulay Ede u. 55.",https://www.artmagazin.hu/impressum,Pentru expoziții și artă contemporană.
1. Presă scrisă de cultură,Tabel principal (ordonat după importanță pentru ICR – filmul primul),**Új Művészet**,"Revistă de arte vizuale și critică (Periodicitate: În 2026 apar numere duble, la două luni (ian.–feb., mar.–apr. etc.))",https://ujmuveszet.hu,"Pataki Gábor, Rudolf Anica (redactori coordonatori); Lóska Lajos, Tayler Patrick (redactori)",press@ujmuveszet.hu; info@ujmuveszet.hu; rudolf.anica@ujmuveszet.hu,+36706262393,"1024 Budapest, Keleti Károly utca 11/A",https://ujmuveszet.hu/rolunk/,Organizează proiecții lunare de film („VETÍTŐ”) în spațiul lor – partener posibil.
1. Presă scrisă de cultură,Tabel principal (ordonat după importanță pentru ICR – filmul primul),**Balkon**,Revistă de artă contemporană (Periodicitate: Lunar (conform surselor bibliotecare; neconfirmat pe site)),https://balkon.art,Százados László (redactor-șef); Hermann Veronika (redactor); Hajdu István – fondator (1993–2025),szazadoslaszlo@gmail.com; hermann.veronika@gmail.com; balkon@c3.hu; info@balkon.art,+36 27 347 825 (Poligráf Kiadó),"Kállai Ernő Művészeti Alapítvány, 1024 Budapest, Fény u. 2.",https://balkon.art/home/impresszum/,⚠ Domeniul **balkon.hu NU este revista** (e un blog de lifestyle). Site-ul corect este balkon.art.
1. Presă scrisă de cultură,Tabel principal (ordonat după importanță pentru ICR – filmul primul),**Pesti Műsor (PM)**,Revistă-ghid de programe culturale din Budapesta (Periodicitate: Lunar (neconfirmat pe site)),https://www.pestimusor.hu,Somoskői Gábor (director și redactor-șef); Tarján Vera (redactor responsabil); Sallai Júlia (publicitate),tarjanv@pestimusor.hu; sallaij@pestimusor.hu,30/826-1776 (Sallai J.),Editor: Geopress Magazin és Szaklap Kiadó Zrt. (adresă negăsită),https://www.pestimusor.hu/index.php?sect=impresszum,"⚠ Pe site scrie „2009–2023”, deci impresumul poate fi depășit. Totuși încă se poate abona prin Magyar Posta. Util pentru anunțuri de program."
1. Presă scrisă de cultură,Tabel principal (ordonat după importanță pentru ICR – filmul primul),**Magyar Demokrata** – secția Kultúra,"Săptămânal conservator, cu secție de cultură (Periodicitate: Săptămânal)",https://demokrata.hu,"Bencsik András (redactor-șef); cultură: Barta Boglárka, Regényi Huba, Szentei Anna; online: Elek Nikolett (redactor-șef)",online@demokrata.hu,(06 1) 354 2350; (06 1) 354 2351,"1125 Budapest, Varázs utca 2.; 1243 Budapest, Pf. 592",https://demokrata.hu/impresszum/,Încă apare tipărit (impresum 2026).
1. Presă scrisă de cultură,Tabel principal (ordonat după importanță pentru ICR – filmul primul),**Nők Lapja** (secția culturală),"Săptămânal pentru femei, cu tiraj mare și pagini culturale (Periodicitate: Săptămânal)",https://www.noklapja.hu,"Akovács Éva (redactor-șef); Papp Diána, Váradi Krisztina, Dudics Emese (redactori coordonatori)",olvasok.noklapja@centralmediacsoport.hu; titkarsag.noklapja@centralmediacsoport.hu,437-1560; 437-1561; secretariat 437-1562,"1037 Budapest, Montevideo u. 9.; 1554 Budapest, Pf. 64",https://www.noklapja.hu/impresszum/,Nu are o persoană dedicată culturii în impresum; utilă pentru public larg.
1. Presă scrisă de cultură,Tabel principal (ordonat după importanță pentru ICR – filmul primul),**Mandiner** (săptămânal),"Săptămânal / portal conservator, cu secție de cultură (Periodicitate: Ediția tipărită suspendată (aug. 2026))",https://mandiner.hu,Kereki Gergő (în impresum ca editor responsabil și redactor-șef online),kapcsolat@mandiner.hu,+36 70 799 3448 (relații clienți),"1114 Budapest, Bartók Béla út 43-47.",https://mandiner.hu/impresszum,"⚠ **Situație neclară:** Kereki a fost demis în sept. 2026, iar ediția tipărită e suspendată, deci impresumul e depășit. Prioritate scăzută."
1. Presă scrisă de cultură,Tabel principal (ordonat după importanță pentru ICR – filmul primul),**Magyar Hírlap** – Kultúra,"Fost cotidian, acum doar online (Periodicitate: Online (ediția tipărită oprită în 2022))",https://magyarhirlap.hu,Szigeti Krisztina (redactor-șef); șeful secției cultură: negăsit,kultura@magyarhirlap.hu; szerkesztoseg@magyarhirlap.hu,887-3283,"1145 Budapest, Szugló utca 9-15.",https://magyarhirlap.hu/informaciok/impresszum ; https://magyarhirlap.hu/informaciok/kapcsolat,⚠ Nu mai e presă tipărită. Are însă email dedicat culturii.
1. Presă scrisă de cultură,Tabel principal (ordonat după importanță pentru ICR – filmul primul),**The Budapest Times**,Revistă în limba engleză (comunitatea de expați și diplomați) (Periodicitate: Lunar (din 2017; revistă tipărită + PDF)),https://www.budapesttimes.hu,"Jan Mainka (editor); Attila Leitner (redactor coordonator, conform paginii About)",editor@bzt.hu; verlag@bzt.hu,+36 30 645 9108,"BZT Media Kft., 1026 Budapest, Gábor Áron utca 16",https://www.budapesttimes.hu/impressum/ ; https://www.budapesttimes.hu/about-us/,Utilă pentru publicul internațional.
1. Presă scrisă de cultură,Tabel principal (ordonat după importanță pentru ICR – filmul primul),**Budapester Zeitung / BZ Magazin**,"Presă în limba germană (Periodicitate: Ziarul doar în PDF; **BZ Magazin** lunar, tipărit + PDF)",https://www.budapester.hu,"Jan Mainka (redactor-șef și editor); Bettina Nemes, Rainer Ackermann, Katrin Holtz, Elisabeth Katalin Grabow (redactori)",redaktion@bzt.hu; verlag@bzt.hu,"negăsit pe pagina Impressum (BZT: +36 30 645 9108, de pe pagina Budapest Times)","1026 Budapest, Gábor Áron utca 16",https://www.budapester.hu/impressum/,Pentru comunitatea germanofonă.
1. Presă scrisă de cultură,Tabel principal (ordonat după importanță pentru ICR – filmul primul),**Színház**,Revistă de critică și teorie teatrală (din 1968) (Periodicitate: **Doar online din ian. 2023**),https://szinhaz.net,"Redacție: Holpár Anna, Iványi-Szabó Rita, Pólya Emese, Sándor Panka; Váradi Nóra (secretar de redacție); Tompa Andrea (președinta fundației)",szerkesztoseg@szinhaz.net,negăsit,negăsit,https://szinhaz.net/impresszum/,"Nu mai e tipărită, dar rămâne cea mai importantă publicație de teatru."
1. Presă scrisă de cultură,Tabel principal (ordonat după importanță pentru ICR – filmul primul),**a műértő (amu.hvg.hu)**,Arte vizuale și piața de artă (continuarea online a revistei Műértő) (Periodicitate: Online (revista tipărită Műértő a apărut între 1998 și 2022)),https://amu.hvg.hu,Nagy Mercédesz (redactor); Csonka Petra (redacție),amu@hvg.hu; m.nagy@hvg.hu,+36 1 436 2045 (relații clienți HVG),"HVG Kiadó Zrt., 1037 Budapest, Montevideo utca 14.",https://amu.hvg.hu/impresszum/,⚠ Nu mai e tipărită.
1. Presă scrisă de cultură,Tabel principal (ordonat după importanță pentru ICR – filmul primul),**Litera.hu**,Cel mai important portal literar maghiar; secția HLO publică în engleză (Periodicitate: Online),https://litera.hu,"Nagy Gabriella (redactor-șef); Szekeres Dóra, Greff András, Bodor Emese, Jánossy Lajos, Gyöngyösi Lilla (redactori)",litera@litera.hu,negăsit,"1024 Budapest, Keleti Károly utca 15/A, clădirea B, et. III, ap. 15",https://litera.hu/impresszum,"Nu e tipărită, dar e esențială pentru lansări de carte și traduceri din română."
1. Presă scrisă de cultură,Tabel principal (ordonat după importanță pentru ICR – filmul primul),"**Korunk** (Cluj/Kolozsvár, România)","Revistă lunară de cultură în limba maghiară, din Transilvania (Periodicitate: Lunar)",https://korunk.org,"Kovács Kiss Gyöngy (redactor-șef, istorie); Balázs Imre József (adjunct, literatură); Cseke Péter, Győrffy Gábor, Rigán Lóránd (redactori)",korunk@gmail.com; balazsimrejozsef@gmail.com,0040-264-375-035; 0040-742-061-613,"400304 Cluj-Napoca, str. Eremia Grigorescu nr. 52; adresă poștală: 400750 Cluj O.P. 1, C.P. 273",https://korunk.org/elerhetosegek/ ; https://korunk.org/szerkesztoseg/,"Apare în România, nu în Ungaria, dar circulă și acolo. **Partener firesc pentru literatura română tradusă.**"
1. Presă scrisă de cultură,Tabel principal (ordonat după importanță pentru ICR – filmul primul),"**Helikon** (Cluj, România)","Revistă literară a Uniunii Scriitorilor din România, în limba maghiară (Periodicitate: De două ori pe lună (cunoaștere generală – neverificat pe site))",https://www.helikon.ro,"Karácsonyi Zsolt (redactor-șef, poezie, traduceri); Papp Attila Zsolt (film, interviuri); Márton Evelin (proză); László Zsuzsa (critică); Hermán Dániel (arte vizuale)",kvari.helikon@gmail.com,(004) 264 431 577; (004) 264 431 690,"400002 Cluj-Napoca, str. Petru Maior nr. 7, ap. 4; C.P. 245",https://www.helikon.ro/impresszum ; https://www.helikon.ro/kapcsolat,Publică frecvent traduceri din literatura română. Papp Attila Zsolt se ocupă de film aici și la Filmtett.
1. Presă scrisă de cultură,Tabel principal (ordonat după importanță pentru ICR – filmul primul),"**Látó** (Târgu Mureș, România)","Revistă lunară de literatură, în limba maghiară (Periodicitate: Lunar (cunoaștere generală – neverificat pe site))",https://www.lato.ro,"Vida Gábor (redactor-șef, proză); André Ferenc (poezie); Codău Annamária (studii, critică); Fischer Botond (eseu, interviu); Szabó Róbert Csaba (teatru, site)",lato.szerk@gmail.com; vida.gabor.lato@gmail.com,0040-(0)265-267091; 0040-(0)365-801946; fax 0040-(0)265-267087,"Târgu Mureș, str. Tușnad nr. 5, 540027; C.P. 89",https://www.lato.ro/rolunk,Are echipă redacțională bilingvă și publică literatură română în traducere. Partener pentru proiecte de traducere.
1. Presă scrisă de cultură,Tabel principal (ordonat după importanță pentru ICR – filmul primul),"**Kalligram** (Bratislava, Slovacia)","Revistă de literatură și artă, în limba maghiară (Periodicitate: Lunar (în trecut))",negăsit (site actual neidentificat),Date din arhiva EPA (aprox. 2019): Mészáros Sándor (redactor-șef),"ms.kalligram@gmail.com (EPA, posibil depășit)",negăsit,"Kalligram spol. s r. o., Staromestská 6/D, P.O. Box 223, SK-810 00 Bratislava 1 (EPA, posibil depășit)",http://epa.oszk.hu/03900/03985/impresszum.html,⚠ **Nu s-a putut confirma că mai apare în 2026.** Kalligram.eu redirecționează către alt site. De verificat înainte de folosire.
2. Social media,A. Canalele proprii ale ICR Budapesta (și ICR central),Budapesti Román Kulturális Intézet – ICR Budapesta,Pagină (Membri/urmăritori: 3.329 urmăritori; 616 check-in-uri; Public/Privat: Public; Reguli postare: Pagină proprie),https://www.facebook.com/romankulturalis.intezet,budapesta2@icr.ro; tel. +36 1 383 2693 (conform mae.ro/icr.ro),,,,Pagină încărcată; numele paginii confirmat pe [icr.ro – social media](https://www.icr.ro/budapesta/icr-budapesta-pe-social-media-4285/hu),"Canal principal. Recomandare: fiecare proiecție → eveniment Facebook cu co-gazde (cinematograf, EUNIC, alte institute)"
2. Social media,A. Canalele proprii ale ICR Budapesta (și ICR central),Szegedi Román Kulturális Intézet / Filiala Seghedin a ICR Budapesta,Pagină (Membri/urmăritori: 320 urmăritori; Public/Privat: Public; Reguli postare: Pagină proprie),https://www.facebook.com/SzegediRKI/,negăsit,,,,Pagină încărcată,Filiala din Szeged (relevant pentru proiecțiile de la Belvárosi Mozi Szeged)
2. Social media,A. Canalele proprii ale ICR Budapesta (și ICR central),ICR Budapesta (@romankulturalisintezet),"Cont (Membri/urmăritori: 716 urmăritori, 269 postări; Public/Privat: Public; Reguli postare: –)",https://www.instagram.com/romankulturalisintezet/,negăsit,,,,Profil încărcat; handle confirmat pe icr.ro,"Merită colaborări (Collab posts) cu @budapesti_artmozik, @corvinmozi"
2. Social media,A. Canalele proprii ale ICR Budapesta (și ICR central),ICR_BUDAPESTA (@ICR_Budapesta),"Cont (Membri/urmăritori: 251 urmăritori, 251 postări (din mai 2022); Public/Privat: Public; Reguli postare: –)",https://x.com/ICR_BUDAPESTA,negăsit,,,,Profil încărcat (browser); numele confirmat pe icr.ro,Activitate redusă
2. Social media,A. Canalele proprii ale ICR Budapesta (și ICR central),Institutul Cultural Român / Romanian Cultural Institute (central),Pagină (Membri/urmăritori: 44.800 urmăritori; Public/Privat: Public; Reguli postare: –),https://www.facebook.com/InstitutulCulturalRoman/,icr@icr.ro (sediul central),,,,Pagină încărcată; link în subsolul icr.ro,Se poate cere distribuirea evenimentelor de la Budapesta
2. Social media,A. Canalele proprii ale ICR Budapesta (și ICR central),ICR (@icr.ro),Cont (Membri/urmăritori: 7.270 urmăritori; Public/Privat: Public; Reguli postare: –),https://www.instagram.com/icr.ro/,negăsit,,,,Profil încărcat; link pe icr.ro,Cont central – cerere de repostare
2. Social media,A. Canalele proprii ale ICR Budapesta (și ICR central),ICR (@ICR_Romania),Cont (Membri/urmăritori: negăsit; Public/Privat: Public; Reguli postare: –),https://twitter.com/ICR_Romania,negăsit,,,,Link pe icr.ro,Cont central
2. Social media,A. Canalele proprii ale ICR Budapesta (și ICR central),ICR – canal YouTube,Canal (Membri/urmăritori: negăsit; Public/Privat: Public; Reguli postare: –),https://www.youtube.com/channel/UCLX4mQhAs1F477kayQ5Xdxg,negăsit,,,,Link pe icr.ro,Pentru trailere / interviuri cu invitații
2. Social media,B. Comunitatea românească din Budapesta / Ungaria,Români în Ungaria,Grup (Membri/urmăritori: 8.256 membri; Public/Privat: Privat; Reguli postare: negăsit (vizibile după înscriere)),https://www.facebook.com/groups/romani.budapest (canonic: /groups/romani.ungaria),negăsit,,,,Rezultat căutare + pagina grupului încărcată,Cel mai mare grup românesc găsit; țintă prioritară
2. Social media,B. Comunitatea românească din Budapesta / Ungaria,Romani in Budapesta,Grup (Membri/urmăritori: 5.607 membri; Public/Privat: Privat; Reguli postare: negăsit (vizibile după înscriere)),https://www.facebook.com/groups/romaniansinhungary/,negăsit,,,,Pagina grupului încărcată (titlu + nr. membri),Țintă prioritară
2. Social media,B. Comunitatea românească din Budapesta / Ungaria,Romani in Budapesta (alt URL),Grup (Membri/urmăritori: negăsit; Public/Privat: negăsit; Reguli postare: negăsit),https://www.facebook.com/groups/romaniinbudapesta/,negăsit,,,,Titlul grupului citit o dată la încărcare; la reîncărcări Facebook a cerut login,Posibil același grup ca nr. 10 sau un grup separat cu același nume – de verificat cu cont
2. Social media,B. Comunitatea românească din Budapesta / Ungaria,Comunitatea Românilor Din Ungaria,Grup (Membri/urmăritori: negăsit; Public/Privat: negăsit; Reguli postare: Descriere: grup creat „pentru toți românii din Ungaria dar și maghiari deopotrivă”),https://www.facebook.com/groups/romaniinungaria/,negăsit,,,,Titlul și descrierea citite o dată la încărcare; ulterior login cerut,De verificat cu cont
2. Social media,B. Comunitatea românească din Budapesta / Ungaria,Comunitatea Romanilor din Budapesta,Pagină (Membri/urmăritori: 1.248 urmăritori; Public/Privat: Public; Reguli postare: Pagină – mesaj către admin),https://www.facebook.com/ComunitateaRomanilorDinBudapesta,negăsit,,,,Rezultat căutare + pagină încărcată,„Un loc unde românii se simt acasă”
2. Social media,B. Comunitatea românească din Budapesta / Ungaria,Ambasada României în Ungaria,Pagină (Membri/urmăritori: 2.239 urmăritori; Public/Privat: Public; Reguli postare: –),https://www.facebook.com/p/Ambasada-Rom%C3%A2niei-%C3%AEn-Ungaria-100067216850578/,site: https://budapesta.mae.ro/,,,,Rezultat căutare + pagină încărcată,Partener natural pentru distribuire
2. Social media,B. Comunitatea românească din Budapesta / Ungaria,Parohia Ortodoxă Română din Budapesta,Pagină (Membri/urmăritori: 759 urmăritori; Public/Privat: Public; Reguli postare: –),https://www.facebook.com/ParohiaBudapesta,parohia.budapesta@gmail.com; tel. +36 30 955 1983 (conform rezultatului de căutare; site: https://parohia-bp.net/),,,,Rezultat căutare + pagină încărcată,"Anunțuri pot fi făcute și după slujbă (Holló utca, sector VII)"
2. Social media,B. Comunitatea românească din Budapesta / Ungaria,Foaia românească – Ungaria,Pagină (publicație) (Membri/urmăritori: 3.395 urmăritori; Public/Privat: Public; Reguli postare: –),https://www.facebook.com/foaiaromaneasca/,negăsit,,,,Rezultat căutare + pagină încărcată,"Revista românilor din Ungaria (din 1951), Gyula. Trimitere comunicat"
2. Social media,B. Comunitatea românească din Budapesta / Ungaria,Uniunea Culturală a Românilor din Ungaria (UCRU),Pagină (Membri/urmăritori: 268 urmăritori; Public/Privat: Public; Reguli postare: –),https://www.facebook.com/uniuneaculturala/,"uniuneaculturala@gmail.com (conform rezultatului de căutare, sursă FUEN)",,,,Rezultat căutare + pagină încărcată,"Organizație-umbrelă, Gyula"
2. Social media,B. Comunitatea românească din Budapesta / Ungaria,"Ecranul nostru (emisiunea în limba română, MTVA)",Pagină (Membri/urmăritori: 433 urmăritori; Public/Privat: Public; Reguli postare: –),https://www.facebook.com/p/Ecranul-nostru-100064780878159/,negăsit,,,,Rezultat căutare + pagină încărcată,Emisiunea în română a televiziunii publice maghiare – posibilă reportaj
2. Social media,B. Comunitatea românească din Budapesta / Ungaria,Liga Studenților Români din Străinătate – LSRS,Pagină (Membri/urmăritori: 32.779 urmăritori; Public/Privat: Public; Reguli postare: –),https://www.facebook.com/lsrs.romania/,negăsit,,,,Rezultat căutare + pagină încărcată,Nu are filială Budapesta confirmată; cerere de distribuire către studenții din Ungaria
2. Social media,B. Comunitatea românească din Budapesta / Ungaria,Autoguvernarea pe Țară a Românilor din Ungaria (AȚRU),Instituție (Membri/urmăritori: negăsit; Public/Privat: –; Reguli postare: –),www.atruroman.hu (conform FUEN),"atru@globonet.hu (conform FUEN, posibil vechi)",,,,Rezultat căutare ([fuen.org](https://fuen.org/en/members/The-National-Self-Government-of-Romanians-in-Hungary)),Pagina Facebook nu a fost găsită
2. Social media,C. Comunități expat / internaționale din Budapesta,Hungary EXPATS :),Grup (Membri/urmăritori: 53.162 membri; Public/Privat: Privat; Reguli postare: negăsit (vizibile după înscriere)),https://www.facebook.com/groups/hungary.expats/,negăsit,,,,"Mai multe bloguri (flatio, blackgirlinbudapest) + pagină încărcată",Cel mai mare grup expat; anunțuri în engleză
2. Social media,C. Comunități expat / internaționale din Budapesta,Expats in Budapest,Grup (Membri/urmăritori: 48.594 membri; Public/Privat: Privat; Reguli postare: negăsit),https://www.facebook.com/groups/442386062624249/,negăsit,,,,Blog ultimatebudapest.com + pagină încărcată,
2. Social media,C. Comunități expat / internaționale din Budapesta,Women of Budapest,Grup (Membri/urmăritori: 21.434 membri; Public/Privat: Privat; Reguli postare: negăsit),https://www.facebook.com/groups/272760543082880/,negăsit,,,,Blog blackgirlinbudapest.com + pagină încărcată,Comunitate feminină internațională
2. Social media,C. Comunități expat / internaționale din Budapesta,Hungary Immigration Help,Grup (Membri/urmăritori: 22.379 membri; Public/Privat: Privat; Reguli postare: negăsit),https://www.facebook.com/groups/HungaryImmigrationHelp/,negăsit,,,,Blog + pagină încărcată,Axat pe relocare – relevanță culturală mai mică
2. Social media,C. Comunități expat / internaționale din Budapesta,Budapest Expats Group,"Grup (Membri/urmăritori: 12.453 membri; Public/Privat: Privat; Reguli postare: Descriere: „inclusive international community”, cere un comportament civilizat; reguli complete după înscriere)",https://www.facebook.com/groups/budapestexpatsgroup/,negăsit,,,,Bloguri + pagină încărcată,
2. Social media,C. Comunități expat / internaționale din Budapesta,Budapest – Girl Gone International,Grup (Membri/urmăritori: 10.969 membri; Public/Privat: Privat; Reguli postare: Descriere: membrii sunt invitați să se prezinte; evenimente gratuite),https://www.facebook.com/groups/GGIBudapest,negăsit,,,,Blog + pagină încărcată,
2. Social media,C. Comunități expat / internaționale din Budapesta,Budapest Digital Nomads,"Grup (Membri/urmăritori: 5.936 membri; Public/Privat: Privat; Reguli postare: Conform flatio.com: bine moderat, puțină autopromovare)",https://www.facebook.com/groups/648464231947085/,negăsit,,,,joinnomadx.com + pagină încărcată,
2. Social media,C. Comunități expat / internaționale din Budapesta,Expat Ladies in Budapest,Grup (Membri/urmăritori: 3.480 membri; Public/Privat: Privat; Reguli postare: Doar femei),https://www.facebook.com/groups/994695677634820/,negăsit,,,,Blog + pagină încărcată,
2. Social media,C. Comunități expat / internaționale din Budapesta,American Expats in Budapest,Grup (Membri/urmăritori: 1.563 membri; Public/Privat: Privat; Reguli postare: Grup pentru expați din SUA/America de Nord),https://www.facebook.com/groups/americanexpatsinbudapest/,negăsit,,,,Blog + pagină încărcată,
2. Social media,C. Comunități expat / internaționale din Budapesta,Expat Info – Budapest,Grup (Membri/urmăritori: negăsit; Public/Privat: Public (afișat o dată); Reguli postare: negăsit),https://www.facebook.com/groups/59371492275/,negăsit,,,,Rezultat căutare + titlu citit la încărcare,Nr. membri nu s-a putut citi
2. Social media,C. Comunități expat / internaționale din Budapesta,International Meeting Point Budapest – IMP,Pagină (Membri/urmăritori: 17.604 urmăritori; Public/Privat: Public; Reguli postare: –),https://www.facebook.com/InternationalMeetingPoint/,negăsit,,,,Blog flatio.com + pagină încărcată,Întâlniri pentru nou-sosiți
2. Social media,C. Comunități expat / internaționale din Budapesta,InterNations Budapest,Comunitate (Membri/urmăritori: „32270 members” afișat pe pagină; Public/Privat: Membri înregistrați; Reguli postare: Evenimente organizate de „ambasadori” InterNations),https://www.internations.org/budapest-expats,negăsit,,,,Pagină încărcată,Se poate contacta ambasadorul local pentru cross-promovare
2. Social media,C. Comunități expat / internaționale din Budapesta,Budapest Language Exchange Friends,Grup (Membri/urmăritori: 6.851 membri; Public/Privat: Public; Reguli postare: Evenimentele le pun organizatorii),https://www.meetup.com/Budapest-Language-Exchange-Friends/,negăsit,,,,Blog + pagină încărcată,
2. Social media,C. Comunități expat / internaționale din Budapesta,Digital Nomads in Budapest,Grup (Membri/urmăritori: 1.811 membri; Public/Privat: Public; Reguli postare: –),https://www.meetup.com/digital-nomads-in-budapest/,negăsit,,,,Rezultat căutare + pagină încărcată,
2. Social media,C. Comunități expat / internaționale din Budapesta,Budapest Expats MeetUp,Grup chat (Membri/urmăritori: negăsit; Public/Privat: Link public de invitație; Reguli postare: negăsit),https://chat.whatsapp.com/F6bEFbCcWIDGZFpjXea0ae,negăsit,,,,Listat pe [joinnomadx.com](https://www.joinnomadx.com/group-chats/hungary) (nu a fost deschis),Singurul grup WhatsApp/Telegram găsit public
2. Social media,C. Comunități expat / internaționale din Budapesta,ESN ELTE – Erasmus Student Network ELTE,Pagină / cont (Membri/urmăritori: FB 2.909; IG 6.184; Public/Privat: Public; Reguli postare: –),https://www.facebook.com/elteesn ; https://www.instagram.com/esnelte/,board@elte.esn.hu (conform rezultat căutare); site: https://elte.esn.hu/,,,,Site ESN ELTE + pagini încărcate,"Studenți Erasmus ELTE – public tânăr, internațional"
2. Social media,C. Comunități expat / internaționale din Budapesta,Erasmus Student Network (ESN) Corvinus,Pagină / cont (Membri/urmăritori: FB 9.175; IG 4.744; Public/Privat: Public; Reguli postare: –),https://www.facebook.com/esncorvinus/ ; https://www.instagram.com/esncorvinus/,negăsit,,,,Rezultat căutare + pagini încărcate,
2. Social media,C. Comunități expat / internaționale din Budapesta,ESN Hungary,Pagină / cont (Membri/urmăritori: FB 7.531; IG 3.168; Public/Privat: Public; Reguli postare: –),https://www.facebook.com/esn.hu/ ; https://www.instagram.com/esnhungary/ ; https://twitter.com/esnhungary,site: https://esn.hu/,,,,Site esn.hu + pagini încărcate,Rețeaua națională
2. Social media,C. Comunități expat / internaționale din Budapesta,Eötvös Loránd University International,Pagină (Membri/urmăritori: 13.895 urmăritori; Public/Privat: Public; Reguli postare: –),https://www.facebook.com/elteinternational/,negăsit,,,,Link pe elte.esn.hu + pagină încărcată,
2. Social media,C. Comunități expat / internaționale din Budapesta,CEU Budapest (evenimentele CEU la Budapesta),Pagină (Membri/urmăritori: 6.568 urmăritori; Public/Privat: Public; Reguli postare: –),https://www.facebook.com/CEUBudapest/,site evenimente: https://events.ceu.edu/,,,,Rezultat căutare + pagină încărcată,
2. Social media,C. Comunități expat / internaționale din Budapesta,CEU Student Union,Pagină (Membri/urmăritori: 2.807 urmăritori; Public/Privat: Public; Reguli postare: –),https://www.facebook.com/CEUSU/,„Send us a message” (mesaj pe pagină),,,,Rezultat căutare + pagină încărcată,
2. Social media,"D. Programe culturale / evenimente în Budapesta (pagini, grupuri, conturi)",We Love Budapest (HU) + We Love Budapest – English,"Pagini / conturi (Membri/urmăritori: FB HU 180.320; FB EN 61.196; IG 119K; TikTok 24,8K; Public/Privat: Public; Reguli postare: Programele se propun pe e-mail; redacția decide)",https://www.facebook.com/WeLoveBudapest/ ; https://www.facebook.com/welovebudapest.en/ ; https://www.instagram.com/welovebudapest/ ; https://www.tiktok.com/@welovebudapest.com,**program@welovebudapest.com** („Ajánlj programot!”); info@welovebudapest.com,,,,[welovebudapest.com/kapcsolat](https://welovebudapest.com/kapcsolat) + pagini încărcate,Au listat deja „18. Román Filmhét” (2024)
2. Social media,"D. Programe culturale / evenimente în Budapesta (pagini, grupuri, conturi)",Funzine,Pagină / conturi (Membri/urmăritori: FB 101.817; IG 5.179; X 349; Public/Privat: Public; Reguli postare: Comunicate și invitații pe e-mail),https://www.facebook.com/funzine/ ; https://www.instagram.com/funzinemagazin/ ; https://x.com/funzine,"**editorial@funzine.hu** („Sajtóközlemények, meghívók”); info@funzine.hu",,,,[funzine.hu/impresszum](https://funzine.hu/impresszum/) + pagini încărcate,Revistă bilingvă HU/EN
2. Social media,"D. Programe culturale / evenimente în Budapesta (pagini, grupuri, conturi)",PORT.hu,Pagină (Membri/urmăritori: 78.527 urmăritori; Public/Privat: Public; Reguli postare: PORT preia programele cinematografelor; e bine ca și Corvin Mozi să încarce proiecțiile),https://www.facebook.com/PORTponthu/,negăsit (formular/e-mail de trimitere programe negăsit),,,,Pagină încărcată,Cel mai mare portal de programe din HU
2. Social media,"D. Programe culturale / evenimente în Budapesta (pagini, grupuri, conturi)","Budapest Eventland – events, things to do",Pagină (Membri/urmăritori: 17.694 urmăritori; Public/Privat: Public; Reguli postare: –),https://www.facebook.com/budapesteventsplaces/,negăsit (mesaj pe pagină),,,,Rezultat căutare + pagină încărcată,Site asociat: https://eventland.eu/budapest/
2. Social media,"D. Programe culturale / evenimente în Budapesta (pagini, grupuri, conturi)",Ingyenes programok,Pagină (Membri/urmăritori: 20.992 urmăritori; Public/Privat: Public; Reguli postare: Colectează programe GRATUITE din toată țara),https://www.facebook.com/ingyenprogramok/,negăsit,,,,Rezultat căutare + pagină încărcată,Potrivit dacă intrarea e liberă
2. Social media,"D. Programe culturale / evenimente în Budapesta (pagini, grupuri, conturi)","Klassz, ingyenes programok","Pagină (Membri/urmăritori: 8.864 urmăritori; Public/Privat: Public; Reguli postare: „Programe culturale, muzicale, sportive – partajare, organizare”)",https://www.facebook.com/klasszprogram/,negăsit,,,,Rezultat căutare + pagină încărcată,
2. Social media,"D. Programe culturale / evenimente în Budapesta (pagini, grupuri, conturi)",Hétvégi Programok,Pagină (Membri/urmăritori: 6.750 urmăritori; Public/Privat: Public; Reguli postare: –),https://www.facebook.com/HetvegiProgramok/,negăsit,,,,Rezultat căutare + pagină încărcată,
2. Social media,"D. Programe culturale / evenimente în Budapesta (pagini, grupuri, conturi)",Programok Budapesten,Pagină (Membri/urmăritori: 5.220 urmăritori; Public/Privat: Public; Reguli postare: –),https://www.facebook.com/legjobbprogramokbudapesten/,negăsit,,,,Rezultat căutare + pagină încărcată,
2. Social media,"D. Programe culturale / evenimente în Budapesta (pagini, grupuri, conturi)",Programok Budapesten (@programok_budapest / @programokbudapesten),"Conturi (Membri/urmăritori: IG 41K; TikTok 97,9K; Public/Privat: Public; Reguli postare: negăsit)",https://www.instagram.com/programok_budapest/ ; https://www.tiktok.com/@programokbudapesten,programokbudapesten1@gmail.com (afișat în bio TikTok),,,,Rezultat căutare + profile încărcate,Foarte popular la tineri; probabil colaborări plătite – de întrebat
2. Social media,"D. Programe culturale / evenimente în Budapesta (pagini, grupuri, conturi)",Ingyenes budapesti program javaslatok,Pagină (Membri/urmăritori: „peste 3.000” (conform rezultat căutare; necitit direct); Public/Privat: Public; Reguli postare: –),https://www.facebook.com/p/Ingyenes-budapesti-program-javaslatok-100057487268214/,negăsit,,,,Doar rezultat căutare,
2. Social media,"D. Programe culturale / evenimente în Budapesta (pagini, grupuri, conturi)",Open Mic Budapest,Pagină (Membri/urmăritori: 6.680 urmăritori; Public/Privat: Public; Reguli postare: –),https://www.facebook.com/OpenMicBudapest/,negăsit,,,,Pagină încărcată,Relevanță mai mică (muzică/jam)
2. Social media,"D. Programe culturale / evenimente în Budapesta (pagini, grupuri, conturi)",Programturizmus.hu,"Pagină / cont (Membri/urmăritori: FB 21.076; IG 3.171; Public/Privat: Public; Reguli postare: Informațiile de bază ale programului apar gratuit; text extins, contacte, imagini = contra cost)",https://www.facebook.com/programturizmus.hu/ ; https://www.instagram.com/programturizmus_hu/,Portal clienți pe site,,,,[ÁSZF programturizmus](https://www.programturizmus.hu/page-szerzodes-altalanos-feltetelei.html) + pagini încărcate,
2. Social media,"D. Programe culturale / evenimente în Budapesta (pagini, grupuri, conturi)",Daily News Hungary,Pagină / cont (Membri/urmăritori: FB 139.838; IG 23K; Public/Privat: Public; Reguli postare: –),https://www.facebook.com/dailynewshungary/ ; https://www.instagram.com/dailynewshungary/,negăsit,,,,Pagini încărcate,Portal în engleză
2. Social media,"D. Programe culturale / evenimente în Budapesta (pagini, grupuri, conturi)",Hungary Today,Pagină (Membri/urmăritori: 130.523 urmăritori; Public/Privat: Public; Reguli postare: Are opțiune „Submit Press Release” (conform căutare)),https://www.facebook.com/hungarytoday,editor[at]hungarytoday[dot]hu,,,,[hungarytoday.hu/contact-us](https://hungarytoday.hu/contact-us/) + pagină încărcată,Portal în engleză
2. Social media,"D. Programe culturale / evenimente în Budapesta (pagini, grupuri, conturi)",Visit Budapest,Cont (Membri/urmăritori: 8.756 urmăritori; Public/Privat: Public; Reguli postare: –),https://www.tiktok.com/@visit.budapest,negăsit,,,,Profil încărcat,Neclar dacă e cont oficial
2. Social media,"E. Cinefili, cinematografe de artă, festivaluri de film",Corvin mozi,Pagină / cont (Membri/urmăritori: FB 21.931; IG 4.206; Public/Privat: Public; Reguli postare: –),http://www.facebook.com/corvinmozi ; https://www.instagram.com/corvinmozi/,Casa de bilete centrală Budapest Film: +36 1 224 5650 (conform căutare),,,,Link pe corvinmozi.hu + pagini încărcate,**Locul de desfășurare** al Román Filmnapok – co-gazdă la evenimentul FB
2. Social media,"E. Cinefili, cinematografe de artă, festivaluri de film","Budapesti Artmozik (Művész, Puskin, Toldi, Tabán, Kino)",Cont (Membri/urmăritori: 2.304 urmăritori; Public/Privat: Public; Reguli postare: –),https://www.instagram.com/budapesti_artmozik/,negăsit,,,,Rezultat căutare + profil încărcat,Contul comun al cinematografelor Budapest Film
2. Social media,"E. Cinefili, cinematografe de artă, festivaluri de film",Művész mozi,Pagină (Membri/urmăritori: 29.024 urmăritori; Public/Privat: Public; Reguli postare: –),https://www.facebook.com/MuveszMozi/,negăsit,,,,Rezultat căutare + pagină încărcată,
2. Social media,"E. Cinefili, cinematografe de artă, festivaluri de film",Puskin mozi,Pagină (Membri/urmăritori: 24.052 urmăritori; Public/Privat: Public; Reguli postare: –),https://www.facebook.com/pages/Puskin-Art-Mozi/191258034230478,negăsit,,,,Link pe puskinmozi.hu + pagină încărcată,
2. Social media,"E. Cinefili, cinematografe de artă, festivaluri de film",Toldi mozi,Pagină (Membri/urmăritori: 7.391 urmăritori; Public/Privat: Public; Reguli postare: –),https://www.facebook.com/toldiartmozi/,negăsit,,,,Link pe toldimozi.hu + pagină încărcată,A găzduit ediții anterioare („19. Román filmnapok” pe toldimozi.hu)
2. Social media,"E. Cinefili, cinematografe de artă, festivaluri de film",Tabán mozi / Kino mozi / Kino Cafe Mozi,Pagini (Membri/urmăritori: Tabán 6.376; Kino mozi 1.688; Kino Cafe Mozi 8.245; Public/Privat: Public; Reguli postare: –),https://www.facebook.com/tabancinema ; https://www.facebook.com/kinocafeartmozi ; https://www.facebook.com/kinocafebudapest/,negăsit,,,,Linkuri pe site-urile Budapest Film + pagini încărcate,Kino are două pagini
2. Social media,"E. Cinefili, cinematografe de artă, festivaluri de film",Uránia Nemzeti Filmszínház,Pagină / cont (Membri/urmăritori: FB 43.581; IG 3.185; Public/Privat: Public; Reguli postare: –),https://www.facebook.com/uraniabudapest ; https://www.instagram.com/uraniabudapest/,contact: https://urania-nf.hu/kapcsolat,,,,Link pe urania-nf.hu + pagini încărcate,A găzduit „18. Román Filmhét” (2024)
2. Social media,"E. Cinefili, cinematografe de artă, festivaluri de film",Trafó House,Pagină / cont (Membri/urmăritori: FB 45.717; IG 14K; Public/Privat: Public; Reguli postare: –),https://www.facebook.com/trafohouse/ ; https://www.instagram.com/trafohouse/,negăsit,,,,Link pe trafo.hu + pagini încărcate,Artă contemporană – cross-promovare
2. Social media,"E. Cinefili, cinematografe de artă, festivaluri de film",Belvárosi Mozi (Szeged),Pagină / cont (Membri/urmăritori: FB 15.694; IG 3.040; Public/Privat: Public; Reguli postare: –),https://www.facebook.com/belvarosimozi ; https://www.instagram.com/belvarosimozi/,negăsit,,,,Link pe belvarosimozi.hu + pagini încărcate,Partener pentru proiecțiile de la Szeged
2. Social media,"E. Cinefili, cinematografe de artă, festivaluri de film",Art Mozi Egyesület,Pagină (Membri/urmăritori: 2.267 urmăritori; Public/Privat: Public; Reguli postare: –),https://www.facebook.com/ArtMoziEgyesulet/,site: https://www.artmoziegyesulet.hu/,,,,Rezultat căutare + pagină încărcată,Asociația cinematografelor de artă
2. Social media,"E. Cinefili, cinematografe de artă, festivaluri de film",Cirko Film,Pagină (Membri/urmăritori: 14.166 urmăritori; Public/Privat: Public; Reguli postare: –),https://www.facebook.com/Cirko-Film-490929594722941/,negăsit,,,,Link pe cirkofilm.hu + pagină încărcată,Distribuitor independent (Cirko-gejzír)
2. Social media,"E. Cinefili, cinematografe de artă, festivaluri de film",Mafab.hu – Magyar Filmadatbázis,Pagină (comunitate cinefili) (Membri/urmăritori: 146.347 urmăritori; Public/Privat: Public; Reguli postare: –),https://www.facebook.com/Mafab.hu/,negăsit,,,,Rezultat căutare + pagină încărcată,Cea mai mare comunitate de cinefili din HU
2. Social media,"E. Cinefili, cinematografe de artă, festivaluri de film",Filmhu – a magyar moziportál,Pagină (Membri/urmăritori: 20.664 urmăritori; Public/Privat: Public; Reguli postare: –),https://www.facebook.com/filmhu,negăsit,,,,Pagină încărcată,A scris despre Román Filmnapok (2025)
2. Social media,"E. Cinefili, cinematografe de artă, festivaluri de film",Filmvilág (revistă de film),Pagină (Membri/urmăritori: 22.979 urmăritori; Public/Privat: Public; Reguli postare: –),https://www.facebook.com/filmvilagfolyoirat/,negăsit,,,,Rezultat căutare + pagină încărcată,
2. Social media,"E. Cinefili, cinematografe de artă, festivaluri de film",Nemzeti Filmintézet (NFI),Pagină (Membri/urmăritori: 57.707 urmăritori; Public/Privat: Public; Reguli postare: –),https://www.facebook.com/NemzetiFilmintezet/,negăsit,,,,Rezultat căutare + pagină încărcată,Instituție de stat – parteneriat mai degrabă decât postare
2. Social media,"E. Cinefili, cinematografe de artă, festivaluri de film",Cinego,Pagină (Membri/urmăritori: 13.027 urmăritori; Public/Privat: Public; Reguli postare: –),https://www.facebook.com/cinego.hu/,negăsit,,,,Rezultat căutare + pagină încărcată,Streaming de film de artă
2. Social media,"E. Cinefili, cinematografe de artă, festivaluri de film",BIFF – Budapest International Film Festival,Pagină / cont (Membri/urmăritori: FB 3.741; Public/Privat: Public; Reguli postare: –),https://www.facebook.com/budapestiff/ ; https://www.instagram.com/budapestiff/,site: https://www.biff.hu/,,,,Rezultat căutare + pagină încărcată,"24 oct.–1 nov. 2026, tot la Corvin"
2. Social media,"E. Cinefili, cinematografe de artă, festivaluri de film",Verzió Filmfesztivál,Pagină / cont (Membri/urmăritori: FB 13.338; IG 4.327; Public/Privat: Public; Reguli postare: –),https://www.facebook.com/verziofilmfest ; https://www.instagram.com/verziofilmfest/,info@verzio.org (conform căutare),,,,Rezultat căutare + pagini încărcate,Documentare despre drepturile omului
2. Social media,"E. Cinefili, cinematografe de artă, festivaluri de film",BIDF – Budapest International Documentary Festival,Pagină (Membri/urmăritori: 16.642 urmăritori; Public/Privat: Public; Reguli postare: –),https://www.facebook.com/bidf.hu,site: bidf.hu,,,,Rezultat căutare + pagină încărcată,
2. Social media,"E. Cinefili, cinematografe de artă, festivaluri de film",Titanic Nemzetközi Filmfesztivál,Pagină / cont (Membri/urmăritori: FB 8.663; IG 414; Public/Privat: Public; Reguli postare: –),https://www.facebook.com/titanicfilmfest/ ; https://www.instagram.com/titanicfilmfest/,site: http://titanicfilmfest.hu/,,,,Rezultat căutare + pagini încărcate,
2. Social media,"E. Cinefili, cinematografe de artă, festivaluri de film",START Filmklub / Bem filmklub / Mozigépész Filmklub,Pagini (Membri/urmăritori: 1.348 / 433 / 289; Public/Privat: Public; Reguli postare: –),https://www.facebook.com/STARTFilmklub/ ; https://www.facebook.com/bemfilmklub/ ; https://www.facebook.com/mozigepesz/,negăsit,,,,Rezultat căutare + pagini încărcate,Cluburi de film de cartier – public cinefil dedicat
2. Social media,"E. Cinefili, cinematografe de artă, festivaluri de film",„FILMKLUB – MINDEN BUDAPESTI FILMKLUB GYŰJTŐCSOPORTJA”,Grup (Membri/urmăritori: negăsit; Public/Privat: negăsit; Reguli postare: negăsit),negăsit,negăsit,,,,Menționat pe [eszteresafilmek.hu](https://eszteresafilmek.hu/utmutato-kezdo-filmklub-kalandoroknak/) ca „cea mai bună platformă” pentru filmcluburile din Budapesta,URL-ul nu a fost găsit – de căutat în Facebook cu cont
2. Social media,"E. Cinefili, cinematografe de artă, festivaluri de film",Budapest Movie Mania – Watch movies and have great convos,Grup (Membri/urmăritori: 177 membri; Public/Privat: Public; Reguli postare: –),https://www.meetup.com/budapest-movie-mania-watch-movies-and-have-great-convos/,negăsit,,,,Rezultat căutare + pagină încărcată,Cinefili internaționali
2. Social media,"E. Cinefili, cinematografe de artă, festivaluri de film",unplugged club Budapest,Grup (Membri/urmăritori: 1.028 membri; Public/Privat: Public; Reguli postare: –),https://www.meetup.com/unplugged-club-budapest/,negăsit,,,,Pagina meetup.com/find (film) + pagină încărcată,Organizează „movie night & discussion”
2. Social media,"E. Cinefili, cinematografe de artă, festivaluri de film",Budapest Philosophy Group,Grup (Membri/urmăritori: 1.021 membri; Public/Privat: Public; Reguli postare: –),https://www.meetup.com/budapest-philosophy/,negăsit,,,,Rezultat căutare + pagină încărcată,Are „Philosophy Movie Nights”
2. Social media,F. Reddit,r/budapest,"Subreddit (Membri/urmăritori: 107.521; Public/Privat: Public; Reguli postare: Bilingv HU/EN. Interzise: reclame/vânzări, politică, **spam și social media**, chestionare, întrebări off-topic)",https://www.reddit.com/r/budapest/,Moderatori prin modmail,,,,about.json + rules.json încărcate,"Evenimentele sunt în tematică („news, events”), dar autopromovarea poate fi ștearsă – recomandat mesaj către moderatori înainte"
2. Social media,F. Reddit,r/hungary,"Subreddit (Membri/urmăritori: 728.012; Public/Privat: Public; Reguli postare: Regula „Hirdetések, önpromóció és spam” (reclame, autopromovare))",https://www.reddit.com/r/hungary/,modmail,,,,about.json + rules.json încărcate,Risc mare de ștergere; doar postare informativă/discuție
2. Social media,F. Reddit,r/askhungary,Subreddit (Membri/urmăritori: 137.305; Public/Privat: Public; Reguli postare: Titlul trebuie să fie o întrebare; **„Tilos reklámozni”** (reclama interzisă)),https://www.reddit.com/r/askhungary/,modmail,,,,about.json + rules.json încărcate,Nepotrivit pentru anunțuri
2. Social media,F. Reddit,r/Romania,"Subreddit (Membri/urmăritori: 1.145.300; Public/Privat: Public; Reguli postare: Interzise autopromovarea/spam, off-topic)",https://www.reddit.com/r/Romania/,modmail,,,,about.json + rules.json încărcate,"Poate merge un post despre film românesc în străinătate, dacă nu e reclamă"
2. Social media,F. Reddit,r/ExpatsInBudapest,Subreddit (Membri/urmăritori: 149; Public/Privat: Public; Reguli postare: negăsit),https://www.reddit.com/r/ExpatsInBudapest/,modmail,,,,Căutare subreddit-uri Reddit (API),Mic
2. Social media,F. Reddit,r/BudapestArtScene,Subreddit (Membri/urmăritori: 21; Public/Privat: Public; Reguli postare: negăsit),https://www.reddit.com/r/BudapestArtScene/,modmail,,,,Căutare subreddit-uri Reddit (API),Foarte mic
2. Social media,G. Platforme de evenimente / unde se trimit programele (cu e-mail sau formular),We Love Budapest – propunere program,Trimitere program (Membri/urmăritori: (vezi nr. 42); Public/Privat: –; Reguli postare: Redacția selectează),https://welovebudapest.com/kapcsolat,**program@welovebudapest.com**,,,,Pagina de contact încărcată,Prioritar
2. Social media,G. Platforme de evenimente / unde se trimit programele (cu e-mail sau formular),Funzine – comunicate/invitații,Trimitere comunicat (Membri/urmăritori: (vezi nr. 43); Public/Privat: –; Reguli postare: –),https://funzine.hu/impresszum/,**editorial@funzine.hu**,,,,Impresum încărcat,Prioritar
2. Social media,G. Platforme de evenimente / unde se trimit programele (cu e-mail sau formular),XpatLoop – Suggest an event,"Formular (Membri/urmăritori: negăsit; Public/Privat: Public; Reguli postare: Câmpuri: tip, titlu, loc, oră început/sfârșit, link, video, preț, descriere, organizator, imagine; publicare după aprobare)",https://xpatloop.com/suggest-event,info@xpatloop.com,,,,Pagina formularului încărcată,Calendar pentru expați: https://xpatloop.com/calendar
2. Social media,G. Platforme de evenimente / unde se trimit programele (cu e-mail sau formular),Pesti Est / est.hu,Trimitere program (Membri/urmăritori: negăsit; Public/Privat: –; Reguli postare: –),http://est.hu/mediaajanlat/,programok@pestiest.hu (scris „programok {kukac} pestiest {pont} hu”),,,,Doar rezultat de căutare (site-ul nu a răspuns la verificare),De verificat înainte de trimitere
2. Social media,G. Platforme de evenimente / unde se trimit programele (cu e-mail sau formular),Budapest Going Out,Portal programe HU/EN (Membri/urmăritori: negăsit; Public/Privat: –; Reguli postare: Are opțiunea „Közlemény beküldése”),https://budapestgoingout.hu/,"mihaly@auctoris.hu (editor responsabil, listat public în impresum)",,,,Site încărcat,
2. Social media,G. Platforme de evenimente / unde se trimit programele (cu e-mail sau formular),programtipp.hu – încărcare gratuită,Formular (Membri/urmăritori: negăsit; Public/Privat: Public; Reguli postare: „Ingyenes programfeltöltés” (încărcare gratuită)),https://www.programtipp.hu/feltoltes/,negăsit,,,,Pagină încărcată,
2. Social media,G. Platforme de evenimente / unde se trimit programele (cu e-mail sau formular),Programturizmus.hu – încărcare program,Portal (Membri/urmăritori: (vezi nr. 53); Public/Privat: –; Reguli postare: Baza gratuită; extinderea plătită),https://www.programturizmus.hu/,negăsit,,,,Condiții generale încărcate (prin căutare),
2. Social media,G. Platforme de evenimente / unde se trimit programele (cu e-mail sau formular),allevents.in – Budapest,Creare eveniment (Membri/urmăritori: negăsit; Public/Privat: Public (cont necesar); Reguli postare: –),https://allevents.in/manage/create.php,negăsit,,,,Link „create” găsit pe https://allevents.in/budapest/all,Preia automat și evenimente Facebook publice
2. Social media,G. Platforme de evenimente / unde se trimit programele (cu e-mail sau formular),Eventland.eu – Budapest,Portal (Membri/urmăritori: (vezi nr. 45); Public/Privat: –; Reguli postare: negăsit),https://eventland.eu/budapest/,negăsit,,,,Rezultat căutare,
2. Social media,G. Platforme de evenimente / unde se trimit programele (cu e-mail sau formular),Time Out Budapest,Portal (Membri/urmăritori: negăsit; Public/Privat: –; Reguli postare: Pagină „Get listed” nu există pentru Budapesta),https://www.timeout.com/budapest/things-to-do/best-budapest-events,"info.budapest@timeout.com (doar în rezultat de căutare, neverificat)",,,,Rezultat căutare,De verificat
2. Social media,G. Platforme de evenimente / unde se trimit programele (cu e-mail sau formular),PORT.hu,Portal programe (Membri/urmăritori: (vezi nr. 44); Public/Privat: –; Reguli postare: –),https://port.hu/,negăsit (nu am găsit adresă de trimitere programe),,,,Încercare de verificare fără rezultat,Recomandat: să întrebați Corvin Mozi / Budapest Film dacă proiecțiile apar în PORT
2. Social media,G. Platforme de evenimente / unde se trimit programele (cu e-mail sau formular),Budapest Info (BFTK),Portal turistic oficial (Membri/urmăritori: negăsit; Public/Privat: –; Reguli postare: –),https://www.budapestinfo.hu/,negăsit (formular de trimitere negăsit),,,,Rezultat căutare,
2. Social media,G. Platforme de evenimente / unde se trimit programele (cu e-mail sau formular),Evenimente Facebook (Facebook Events),"Funcție (Membri/urmăritori: –; Public/Privat: Public; Reguli postare: Creați evenimentul de pe pagina ICR și invitați co-gazde (Corvin mozi, EUNIC Hungary, Ambasada) – apare automat la co-gazde și e preluat de agregatoare (allevents))",https://www.facebook.com/events/,–,,,,–,Cel mai eficient instrument
2. Social media,H. Institute culturale / EUNIC Hungary (cross-promovare),EUNIC Hungary,Pagină (Membri/urmăritori: 581 urmăritori; Public/Privat: Public; Reguli postare: –),https://www.facebook.com/eunichungary/,negăsit,,,,Rezultat căutare + pagină încărcată,ICR e membru EUNIC – cerere de distribuire
2. Social media,H. Institute culturale / EUNIC Hungary (cross-promovare),Mozisziget (proiecții în aer liber EUNIC pe Insula Margareta),Pagină (Membri/urmăritori: 9.925 urmăritori; Public/Privat: Public; Reguli postare: –),https://www.facebook.com/Mozisziget/,negăsit,,,,Rezultat căutare + pagină încărcată,Platformă EUNIC de film – potrivită pentru filmul românesc
2. Social media,H. Institute culturale / EUNIC Hungary (cross-promovare),Európai Nyelvi Koktélbár (EUNIC),Pagină (Membri/urmăritori: 2.974 urmăritori; Public/Privat: Public; Reguli postare: –),https://www.facebook.com/EUNIC.ELCB/,negăsit,,,,Rezultat căutare + pagină încărcată,
2. Social media,H. Institute culturale / EUNIC Hungary (cross-promovare),Európai Bizottság Magyarországi Képviselete (Lumière Filmklub),Pagină (Membri/urmăritori: 51.437 urmăritori; Public/Privat: Public; Reguli postare: –),https://www.facebook.com/EuropaiBizottsag/,negăsit,,,,Rezultat căutare + pagină încărcată,Organizează Lumière Filmklub la Európa Pont
2. Social media,H. Institute culturale / EUNIC Hungary (cross-promovare),Francia Intézet / Institut français de Hongrie,Pagină (Membri/urmăritori: 34.862 urmăritori; Public/Privat: Public; Reguli postare: –),https://www.facebook.com/franciaintezet/,negăsit,,,,Rezultat căutare + pagină încărcată,
2. Social media,H. Institute culturale / EUNIC Hungary (cross-promovare),Goethe-Institut Budapest,Pagină / cont (Membri/urmăritori: FB 29.640; IG 3.002; Public/Privat: Public; Reguli postare: –),https://www.facebook.com/goetheinstitut.budapest/ ; https://www.instagram.com/goetheinstitut_budapest/,negăsit,,,,Rezultat căutare + pagini încărcate,
2. Social media,H. Institute culturale / EUNIC Hungary (cross-promovare),Instituto Cervantes de Budapest,Pagină (Membri/urmăritori: 17.136 urmăritori; Public/Privat: Public; Reguli postare: –),https://www.facebook.com/InstitutoCervantesBudapest/,negăsit,,,,Rezultat căutare + pagină încărcată,
2. Social media,H. Institute culturale / EUNIC Hungary (cross-promovare),Istituto Italiano di Cultura Budapest,Pagină (Membri/urmăritori: 16.219 urmăritori; Public/Privat: Public; Reguli postare: –),https://www.facebook.com/IICBUDAPEST,negăsit,,,,Rezultat căutare + pagină încărcată,
2. Social media,H. Institute culturale / EUNIC Hungary (cross-promovare),Osztrák Kulturális Fórum Budapest,Pagină / cont (Membri/urmăritori: FB 4.726; IG 1.780; Public/Privat: Public; Reguli postare: –),https://www.facebook.com/kulturforumbudapest/ ; https://www.instagram.com/acfbudapest/,negăsit,,,,Rezultat căutare + pagini încărcate,
2. Social media,H. Institute culturale / EUNIC Hungary (cross-promovare),Cseh Centrum (Centrul Ceh),Pagină / cont (Membri/urmăritori: FB 4.162; IG 1.112; Public/Privat: Public; Reguli postare: –),https://www.facebook.com/csehcentrum/ ; https://www.instagram.com/csehcentrum/,ccbudapest@czechcentres.cz; +36 1 462 5066 (conform căutare),,,,Rezultat căutare + pagini încărcate,
2. Social media,H. Institute culturale / EUNIC Hungary (cross-promovare),Szlovák Intézet – Budapest,Pagină (Membri/urmăritori: 3.183 urmăritori; Public/Privat: Public; Reguli postare: –),https://www.facebook.com/sibudapest/,si.budapest@mzv.sk; +36 1 327 4000 (conform căutare),,,,Rezultat căutare + pagină încărcată,
2. Social media,H. Institute culturale / EUNIC Hungary (cross-promovare),Lengyel Intézet (Institutul Polonez),Pagină / conturi (Membri/urmăritori: IG 1.081; FB negăsit; Public/Privat: Public; Reguli postare: –),https://www.facebook.com/lengyel.intezet/ ; https://www.instagram.com/lengyelintezet/ ; https://x.com/plinst_budapest,budapeszt@instytutpolski.pl; +36 1 505 4660 (conform căutare),,,,Rezultat căutare + profil IG încărcat,
3. Posturi TV / radio,A. Televiziunea publică (Duna Médiaszolgáltató / fost MTVA → Magyar Rádió és Televízió Nonprofit Zrt.),**Centrala televiziunii publice – birou de presă / comunicare** (MTVA → Duna Médiaszolgáltató),"Radiodifuzor public – birou de presă (Proprietar: Statul maghiar (Duna Médiaszolgáltató Nonprofit Zrt., în curs de redenumire în Magyar Rádió és Televízió Nonprofit Zrt.))",https://mtva.hu ; https://mediaklikk.hu,"PR & marketing / purtător de cuvânt interimar: Teszáry Sára (din 07.2026, conform presei)",**sajtoiroda@mtva.hu** (presă); **ugyelet@mtva.hu** (dispecerat/„Írjon nekünk”); kozonsegszolgalat@mtva.hu (serviciul public),"+36 1 759 5050 (Közönségszolgálat, L–V 9–17)","Corespondență: 1037 Budapest, Kunigunda útja 64.; sediu social furnizor media: 1038 Budapest, Bojtár utca 41–47.",https://mtva.hu/sajtokapcsolat/ ; https://mtva.hu/kozonsegszolgalat/ ; https://mediaklikk.hu/impresszum/,"Telefoanele mai vechi ale biroului de presă (+36 1 759 5535 / 5538, nume dinainte de 2026) apar în pagini de arhivă mtva.hu/2018 – neactuale, nu le folosiți ca prioritare."
3. Posturi TV / radio,A. Televiziunea publică (Duna Médiaszolgáltató / fost MTVA → Magyar Rádió és Televízió Nonprofit Zrt.),**M5** (canal cultural-educațional) – **FOARTE IMPORTANT**,"TV public, cultură/educație/știință (Proprietar: Duna Médiaszolgáltató)",https://mediaklikk.hu/m5,"Emisiuni culturale curente (grila oct. 2026): **„Agenda”** (știri de cultură, știință, educație – de mai multe ori pe zi), **„Librettó”** (magazin cultural zilnic: critică, artiști, culise – „tot ce se întâmplă în cultură”), **„Kontúr”** (interviuri de profunzime cu personalități culturale), **„Kunszt”** (magazin de arte vizuale), **„A Nagyok”**, **„Kritika”**, **„História”**; seria de film „Sztankay mozija”. Director canal: Gulyás István (statut incert, vezi contextul). Redactori ai emisiunilor: negăsit pe pagini oficiale.",Fără e-mail dedicat M5 public → sajtoiroda@mtva.hu / ugyelet@mtva.hu,+36 1 759 5050 (general),"1037 Budapest, Kunigunda útja 64.",https://musor.tv/napi/tvmusor/M5/2026.10.07 (grila); https://mediaklikk.hu/impresszum/,„Librettó” și „Agenda” sunt cele mai potrivite pentru anunțarea Zilelor Filmului Românesc. „Librettó” se reia și pe Duna World.
3. Posturi TV / radio,A. Televiziunea publică (Duna Médiaszolgáltató / fost MTVA → Magyar Rádió és Televízió Nonprofit Zrt.),**Duna** (Duna TV),TV public generalist (canal principal) (Proprietar: Duna Médiaszolgáltató),https://mediaklikk.hu/duna,"**„Ecranul nostru”** (vezi secțiunea D); **„Ridikül”** – talk-show, revine **din 5 oct. 2026, L–V ora 16:00**, gazdă nouă **Stohl Luca** ([media1.hu, 2026-09-25](https://media1.hu/2026/09/25/stohl-luca-lesz-a-kozmedia-megujulo-talkshowjanak-musorvezetoje/)); **„Család-barát”** (gazde Forró Bence, Rátonyi Kriszta) și **„Családi kör”** (Novodomszky Éva, Dióssy Klári) – magazine zilnice cu invitați artiști, revenite din 31.08.2026 ([Pénzcentrum](https://www.penzcentrum.hu/szorakozas/20260828/megujulva-ternek-vissza-a-duna-nepszeru-napi-musorai-itt-a-teljes-lista-a-kozszolgalati-csatorna-kinalatarol-1204608)); „Itthon vagy!”, „Önök kérték” (Tótfalusi Fanni).",sajtoiroda@mtva.hu / ugyelet@mtva.hu,+36 1 759 5050,"1037 Budapest, Kunigunda útja 64.",idem nr. 1,"„Ridikül” și „Család-barát” sunt talk-show-uri potrivite pentru invitați (regizori, actori)."
3. Posturi TV / radio,A. Televiziunea publică (Duna Médiaszolgáltató / fost MTVA → Magyar Rádió és Televízió Nonprofit Zrt.),**Duna World**,TV public pentru maghiarii din străinătate (inclusiv România) (Proprietar: Duna Médiaszolgáltató),https://mediaklikk.hu/duna-world,"Reluări „Ecranul nostru” (miercuri ~14:00), „Librettó”, „Kunszt”, „Itthon vagy!”, magazine de naționalități",sajtoiroda@mtva.hu / ugyelet@mtva.hu,+36 1 759 5050,idem,idem; grila https://musor.tv/napi/tvmusor/DUNAWORLD/2026.10.07,Relevanță dublă: e urmărit și de maghiarii din România.
3. Posturi TV / radio,A. Televiziunea publică (Duna Médiaszolgáltató / fost MTVA → Magyar Rádió és Televízió Nonprofit Zrt.),**M1**,TV public de știri (Proprietar: Duna Médiaszolgáltató),https://hirado.hu ; https://mediaklikk.hu/m1,"„Híradó” (repornit 20.08.2026; prezentator Kis Máté; șef interimar știri Bodacz Balázs). „Ma reggel” (matinal, fond politic) – nu am putut confirma dacă a revenit în grila de toamnă 2026.",sajtoiroda@mtva.hu / ugyelet@mtva.hu,+36 1 759 5050,idem,idem,"Canal de știri – relevanță redusă pentru un festival, dar utilă pentru știri culturale scurte."
3. Posturi TV / radio,A. Televiziunea publică (Duna Médiaszolgáltató / fost MTVA → Magyar Rádió és Televízió Nonprofit Zrt.),**M2 / M2 Petőfi** (Petőfi TV),"M2 = canal pentru copii (ziua), Petőfi TV = tineret/muzică (seara) (Proprietar: Duna Médiaszolgáltató)",https://mediaklikk.hu/m2 ; https://petofilive.hu,negăsit (emisiuni culturale pentru tineri – de verificat),sajtoiroda@mtva.hu,+36 1 759 5050,idem,idem,"Canal activ (Wikipedia HU, 2026). Relevanță scăzută."
3. Posturi TV / radio,A. Televiziunea publică (Duna Médiaszolgáltató / fost MTVA → Magyar Rádió és Televízió Nonprofit Zrt.),**M4 Sport / M4 Sport+**,Sport (Proprietar: Duna Médiaszolgáltató),https://m4sport.hu,–,sajtoiroda@mtva.hu,–,idem,idem,Nerelevant pentru festival; inclus pentru completitudine.
3. Posturi TV / radio,A. Televiziunea publică (Duna Médiaszolgáltató / fost MTVA → Magyar Rádió és Televízió Nonprofit Zrt.),**Departamentul de emisiuni pentru naționalități** (Nemzetiségi műsorok – TV),Producție TV pentru cele 13 naționalități (magazine săptămânale pe Duna/Duna World/M5) (Proprietar: Duna Médiaszolgáltató),https://mediaklikk.hu/nemzetisegi,"Ex.: „Ecranul nostru” (română), „Unser Bildschirm” (germană), „Slovenski utrinki” (slovenă), magazinele croat, sârb, slovac, rrom etc. Șef departament: negăsit pe pagini oficiale.",ugyelet@mtva.hu (singurul afișat pe paginile de naționalități),negăsit (central +36 1 759 5050),"negăsit (central: 1037 Budapest, Kunigunda útja 64.)",https://mediaklikk.hu/nemzetisegi/,Emisiunile de naționalități au fost confirmate ca revenind în toamna 2026.
3. Posturi TV / radio,B. Televiziuni comerciale naționale și canale de știri,"**RTL** (fost RTL Klub) + **RTL Kettő, RTL Három, Cool, Film+, Sorozat+, RTL Gold, RTL Otthon, Muzsika TV** etc.",TV comercial național + canale tematice (Proprietar: RTL Magyarország Zrt. (grupul RTL / Bertelsmann)),https://rtl.hu,"**„Fókusz”** (magazin de seară; prezentatori: Barabás Éva, Kecsmár Alexandra – care pleacă, Gál Petra, Szabados Ágnes); **„Reggeli”** (matinal; prezentatori: Barabás Éva, Ábel Anita, Jakupcsek Gabriella, Szujó Zoltán, Papp Gergő, Tihanyi Péter); **„RTL Híradó”**. Online rtl.hu: redactor-șef Dobos Péter, redactor responsabil Atanasziu Bettina. Redactori ai emisiunilor TV: negăsit oficial.",**info@sajtoklub.tv** (cereri de presă – „Sajtómegkereséseket az info@sajtoklub.tv email címre várunk”); onlineszerkesztok@rtl.hu (redacția online); Kozonsegszolgalat@rtl.hu,+36 1 382 8283,"Impresum: 1068 / 1065 Budapest, Dózsa György út 84/A (pagina indică ambele coduri poștale); sediu operațional/studio: 1222 Budapest, Nagytétényi út 29.",https://rtl.hu/impresszum ; https://sajtoklub.tv (adresa Nagytétényi út) ; https://rtl.hu/fokusz ; https://rtl.hu/reggeli,"Un e-mail „fokusz@rtlklub.hu” circulă pe forumuri (gyakorikerdesek.hu) – **neverificat oficial**, nu e inclus. Film+ = canal 24h de filme."
3. Posturi TV / radio,B. Televiziuni comerciale naționale și canale de știri,"**TV2** + **Super TV2, FEM3, Mozi+, Moziverzum, Spíler 1, Spíler 2, Izaura TV, Zenebutik, PRIME, TV2 Séf, TV2 Kids, TV2 Comedy, Jocky TV**",TV comercial național + 13 canale tematice (Proprietar: TV2 Média Csoport Zrt. (proprietar nominal Vida József / trust; în apr. 2026 Mészáros Lőrinc a recunoscut public că îi aparține; grupul a anunțat că nu vinde postul)),https://tv2.hu ; https://tv2csoport.hu,"**„Mokka”** (matinal, L–V 06:15; are rubrici culturale „cărți, filme, teatru, concerte”; prezentatori: Iszak Eszter, Proksa Szandra, Zavaros Eszter, Istenes László, Váczi Gergő); „Tények” (știri); „Tények Plusz”. Responsabil editorial (impresum): Molnár Gábor.",**pr@tv2.hu** (presă TV2); **sajto@tv2csoport.hu** (presă grup); tv2csoport@tv2.hu (general),+36 1 467 6400 (central),"1145 Budapest, Róna utca 174.",https://sajtoszoba.tv/tv2/kapcsolat ; https://sajtoszoba.tv/tv2-sef/kapcsolat ; https://tv2.hu/impresszum ; https://www.moziverzum.hu ; https://tv2csoport.hu/musorok/mokka,FEM3 (redenumit TV2 Klub în 2024) a revenit la numele FEM3 la 8 martie 2026. Spíler2 TV → „Spíler 2” (2023). Pagina tv2csoport.hu/kapcsolat are doar formular.
3. Posturi TV / radio,B. Televiziuni comerciale naționale și canale de știri,**ATV** (+ ATV Spirit),"TV comercial de știri/dezbateri (Proprietar: ATV Zrt. (Broadcast Project Kft. 74%, Hadar Gold Kft. 21%, Németh Sándor 5%))",https://www.atv.hu,"**„Start”** (matinal) – din sept. 2026 redactor-șef **Szirmay Dávid**; prezentatori Rónai Egon, Somos András, Török Réka, Benke Lúcia ([Index, 2026-09-03](https://index.hu/belfold/2026/09/03/atv-start-reggeli-musorok-uj-musorvezetok-foszerkeszto-szirmay-david-torok-reka-benke-lucia)). Director știri: Bednárik Imre; redactor-șef atv.hu: Győrik Ferenc; director general: dr. Németh S. Szilárd.",**sajto@atv.hu** (relații presă); **info@atv.hu**,+36 1 877 0800,"1105 Budapest, Szent László tér 16. A ép.",https://www.atv.hu/impresszum,Stohl Luca a plecat de la ATV la Duna („Ridikül”) – sept. 2026.
3. Posturi TV / radio,B. Televiziuni comerciale naționale și canale de știri,**Hír TV**,Canal de știri (Proprietar: HírTV Műsorszolgáltató és Hirdetésszervező Zrt. (grupul Mediaworks / Fundația KESMA)),https://hirtv.hu (online mutat parțial pe https://hirtv.origo.hu),Redactor-șef (digital): Márkus Ottó; editor responsabil: Madarász János. Emisiuni culturale: negăsit.,**info@hirtv.net**,"+36 1 999 47 60 (Mediaworks, editură)","1149 Budapest, Angol utca 65–69.",https://hirtv.hu/impresszum ; https://hirtv.origo.hu/impresszum,"Mediaworks face concedieri masive în 2026 (închis Bors, Ripost etc.); **statutul Hír TV trebuie reverificat** – nu am găsit anunț de închidere până la 2026-10-02. Echo TV a fuzionat în Hír TV în 2019 (nu mai există)."
3. Posturi TV / radio,B. Televiziuni comerciale naționale și canale de știri,"**Network4: TV4, Story4, Film4, Galaxy4, Max4, Arena4, Match4**",Canale tematice comerciale (filme/seriale/sport) (Proprietar: Network4 Media Group S.à r.l. (Luxemburg); director general Borsány-Gyenes András),https://network4.hu ; https://film4.network4.hu,Film4 = canal de filme; fără emisiuni editoriale culturale.,szerkesztoseg@network4.lu ; ugyelet@network4.lu (afișate pe impresum ca mailto),negăsit,"Redacție: 1037 Budapest, Jablonka lejtő 13.",https://film4.network4.hu/impresszum/,Rebranding la 5 sept. 2026. Relevanță: doar publicitate/parteneriat.
3. Posturi TV / radio,B. Televiziuni comerciale naționale și canale de știri,"**Film Mánia, Film Café, AMC, Minimax, Spektrum** etc.",Canale tematice de filme (Proprietar: AMC Networks Central Europe s.r.o. (Praga)),https://www.filmmaniatv.hu ; https://amcnice.com,Film Café = filme europene/de autor – potrivit pentru eventuale parteneriate/promo.,info-ce@amcglobalmedia.com (impresum Film Mánia); info@ce.amcnetworks.com (impresum AMC Adsales),negăsit,"AMC Networks Central Europe, Pobřežní 620/3, 186 00 Praha 8 (impresum); birou Budapesta 1139 Lomb utca 21–25 (doar sursă terță)",https://www.filmmaniatv.hu/impresszum ; https://amcnice.com/impresszum/,Fără redacție de știri.
3. Posturi TV / radio,B. Televiziuni comerciale naționale și canale de știri,"**FilmBox** (FilmBox, FilmBox Extra, FilmBox Premium etc.)",Canale premium de filme (Proprietar: Kino Polska TV S.A. / SPI International (Polonia)),https://www.filmbox.hu,–,negăsit (pagina filmbox.hu nu afișează e-mail),negăsit,negăsit,https://www.filmbox.hu/impresszum,Doar pentru parteneriate; fără conținut editorial.
3. Posturi TV / radio,C. Televiziuni / platforme video online (independente),**Partizán**,"TV online (YouTube), interviuri, documentare (Proprietar: Partizán Rendszerkritikus Tartalomelőállításért Alapítvány)",https://partizan.hu,Responsabil editorial: Földiák Vince; șef comunicare: Zsoldos Mirjam (listată în impresum),"**szerkesztoseg@partizan.hu** (subiecte/ponturi); info@partizan.hu (evenimente, altele)",negăsit,"1063 Budapest, Munkácsy Mihály utca 23.",https://partizan.hu/impresszum,Format preponderent politic; are și conținut cultural.
3. Posturi TV / radio,C. Televiziuni / platforme video online (independente),**Telex – secția Video** (+ G7),Portal de știri cu secție video/podcast (Proprietar: Telex.hu Zrt.),https://telex.hu,"Secția Video: șef rubrică Szilli Tamás, adjunct Szilágyi Máté; Podcast & Studio: Fábián Tamás. Redactor responsabil: Német Tamás. (Telex are și rubrică culturală „Kult”.)",**ugyelet@telex.hu** („Ha írna a szerkesztőségnek”),+36 70 640 0003 (L–V 9–17),"1036 Budapest, Perc utca 6., et. 2; poștă: 1300 Budapest, Pf. 107",https://telex.hu/impresszum,Impresumul are e-mail individual pentru fiecare jurnalist (format nume@telex.hu).
3. Posturi TV / radio,C. Televiziuni / platforme video online (independente),**444 – video**,Portal de știri cu YouTube/video/podcast (Proprietar: Magyar Jeti Zrt.),https://444.hu,Redactor-șef: Munk Veronika; director general: Kardos Gábor,**szerk@444.hu** („Levél a szerkesztőségnek”),(1) 619-3422,"1066 Budapest, Jókai utca 6.",https://444.hu/impresszum,Impresumul listează și e-mailurile echipei video.
3. Posturi TV / radio,D. Emisiuni în limba română / pentru naționalități (PRIORITATE),**„Ecranul nostru”** – magazin de naționalitate în limba română (Román nyelvű nemzetiségi magazin),"Magazin TV săptămânal, 26 min, din 1982 (Proprietar: Duna Médiaszolgáltató (televiziunea publică))",https://mediaklikk.hu/musor/ecranulnostru/ ; https://mediaklikk.hu/musor/ecranul-nostru/,"Realizat de redacția română a Studioului Regional Szeged al MTV. **Boka Tibor** – la redacția română a MTV din 1990, șeful secției „Ecranul nostru” din 1992 (sursă: profil TVMT, http://www.tvmt.hu/BokaTibor.htm – posibil neactualizat). **Grila oct. 2026: miercuri 07:05 pe Duna, reluare miercuri 14:00 pe Duna World** (ex. 7 oct. 2026). Episoade recente: iulie 2026 („Nincstelenek”), sept. 2026 (inclusiv despre un film nou de Nemes Jeles László) – deci **emisiunea abordează și filmul**.",ugyelet@mtva.hu (afișat pe pagina emisiunii); e-mail dedicat redacției române: negăsit,"**(+36 62) 622-861**, fax (+36 62) 622-884 – redacția „Magyar Televízió Román Nyelvű Adása”","6725 Szeged, Kálvária tér 22.",Pagina Biblioteca Metropolitană Budapesta – naționalități/română/media: http://nemzetisegek.bmknet.hu/p3/index.php/roman/media (citată de motorul de căutare; pagina nu s-a putut deschide direct – eroare SSL); pagina Ambasadei României: https://budapesta.mae.ro/node/804,**Contactul cel mai important al listei.** Telefonul/adresa provin dintr-o listă BMK (nu de pe mediaklikk) – de confirmat telefonic. Ambasada descrie emisiunea ca difuzată pe M1 cu reluare pe Duna (informație mai veche).
3. Posturi TV / radio,D. Emisiuni în limba română / pentru naționalități (PRIORITATE),"**Emisiunea în limba română a Radioului Naționalităților** (MR4 – „Nemzetiségi adások”, „Román nemzetiségi műsor”)","Radio public, emisiune zilnică în română (ora 16:00, conform surselor) (Proprietar: Duna Médiaszolgáltató (radio public))",https://mediaklikk.hu/rovatok/radio/nemzetisegi-adasok/,"Redactori-prezentatori menționați pe mediaklikk (2025): **Bauer Adam, Bekán Anca Liana, László Anita** [neverificat]; redactor-șef după Wikipedia: Kaupert Júlia (vezi R4)",negăsit,"**+36 62 549 201** (redacția română MR4, după lista BMK)","6720 Szeged, Kossuth Lajos sugárút 29. (după lista BMK); Wikipedia indică „Szeged, Stefánia 7.” – nu concordă",http://nemzetisegek.bmknet.hu/p3/index.php/roman/media (via motor de căutare); https://mediaklikk.hu/nemzetisegi-adasok/cikk/2025/03/31/roman-nemzetisegi-musor-14-het/,Vezi și secțiunea Radio pentru verificări suplimentare.
3. Posturi TV / radio,E. Televiziuni locale din Budapesta,**Budapest TV** (fost PestBuda TV),TV local metropolitan (Budapesta + ~40 km) (Proprietar: New Digital Media Kft. (în subsolul site-ului apare „New Media Digital Kft.”)),https://budapesttv.hu,"Director general: Pataki Tamás (conform site-ului). Profil: viață publică, cultură, turism în Budapesta",info@ndm.hu ; irjalnekunk@ndm.hu,"număr scurt 1240 (pe site apare și „+36 1 911 0 000” – format neclar, de verificat)","1014 Budapest, Fortuna utca 4.",https://budapesttv.hu (subsol); [media1.hu 2026-02-24](https://media1.hu/2026/02/24/uj-tevecsatornak-indulnak-lesz-budapest-tv-disco-tv-es-bunyo-tv-is/),"**Redenumit în 2026** în urma unei hotărâri judecătorești definitive. Activ, în registrul NMHH. Aceeași firmă operează și Első Kerület TV, Parlament TV, Szivárvány TV, Disco TV."
3. Posturi TV / radio,E. Televiziuni locale din Budapesta,**Budapest Európa Televízió (BPETV)**,TV prin satelit/online (Proprietar: negăsit),https://www.bpetv.org,Redactor-șef responsabil: Janklovics Éva; director artistic: dr. Komáromi István; secretariat: Varga Andrea,info.bpetv@gmail.com,(+36-1) 210-0649 (tel./fax),"1085 Budapest, Orczy út 44-48./B (în antetul paginii: 1089 Orczy út 44-46/b)",https://www.bpetv.org/elerhetosegek,Site actualizat în 2026. Nu este în registrul NMHH (emite prin satelit).
3. Posturi TV / radio,E. Televiziuni locale din Budapesta,"**Buda TV / Hegyvidék TV** (sectorul XII; acoperă și I, II, III)",TV de sector (Proprietar: Hegyvidék Média Kft.),https://hegyvidektv.hu (tvbuda.hu redirecționează aici),Șefa studioului: Mottl Ágnes; emisiune culturală **„Kultúrpont”**,btv@tvbuda.hu,+36 1 781-17-87 ; +36 20 501-98-28,"1122 Budapest, Hajnóczy József utca 2.",hegyvidektv.hu (subsol); https://localtv.hu/tagteleviziok/buda-tv,"**Rebranding: acum „Buda TV”.** Activ în 2026, în registrul NMHH. Din 2026 preia și știrile din Óbuda ([obuda.hu](https://obuda.hu/mostantol-a-hireinket-tv-n-is-nezheti/)). Vizibil în toată Budapesta (DIGI 410)."
3. Posturi TV / radio,E. Televiziuni locale din Budapesta,**Óbuda TV** (III),TV de sector (Proprietar: Multinet 99 Szolgáltató Kft.),https://obudatv.hu,negăsit,prospero99@t-online.hu,negăsit,"1032 Budapest, Gyenes u. 8/a",https://obudatv.hu,"Figurează în registrul NMHH 2026, dar site-ul e minimal și pare **inactiv**. Știrile din Óbuda apar acum pe Buda TV."
3. Posturi TV / radio,E. Televiziuni locale din Budapesta,**Újbuda TV** (XI),TV de sector + portal (Proprietar: Média11 Kft. (deținut de primăria sectorului)),https://ujbudaonline.hu (**ujbudatv.hu este domeniu spam – nu folosiți**),Redactor responsabil: Tóth István Gergely; director: Molnár Krisztina; redactor: Szabó Márta,media11@ujbudamedia11.hu (reclamă: marketing@ujbudamedia11.hu),1/381-1307,"1111 Budapest, Szent Gellért tér 1-3.; poștă: 1518 Bp. Pf. 135",https://ujbudaonline.hu/impresszum/,Activ (programe pe musor.tv în aug. 2026; în registrul NMHH).
3. Posturi TV / radio,E. Televiziuni locale din Budapesta,**Zugló TV** (XIV),"TV de sector (Proprietar: Zugló TV Kft. (privat, nu e al sectorului))",zuglotv.hu (nu răspunde),negăsit,negăsit,negăsit,negăsit,https://www.zuglo.hu/zuglo-informacios-es-mediacsoport-kft/,"**Probabil inactiv** (nu e în registrul NMHH la 02.10.2026, site căzut). Alternativă: Zuglói Lapok / ZIM Kft. – zugloilapok@zuglo.hu, +36 70 681 0754, redacția 1145 Bp. Pétervárad u. 3., redactor-șef Illés Sarolta ([impresum](https://zugloonline.hu/impresszum/))."
3. Posturi TV / radio,E. Televiziuni locale din Budapesta,"**TV13** (XIII, Angyalföld)",TV de sector (Proprietar: Angyalföldi Média Közalapítvány),https://hir13.hu/tv13/,"Redactor-șef TV13: Kállai Lajos; redactor-șef Hír13: Karácsony Ágnes; redactori: Bolgár György, Bánó András, Hegyi Iván",tv13@tv13.hu,+36 1 788 70 98,"Studio: 1131 Budapest, József Attila tér 4.; editor: 1139 Béke tér 1.",https://hir13.hu/tv13/kapcsolat ; https://hir13.hu/tv13/szerkesztoseg ; https://hir13.hu/impresszum/,"Activ în 2026, în registrul NMHH."
3. Posturi TV / radio,E. Televiziuni locale din Budapesta,"**Kilences / 9TV** (IX, Ferencváros)","TV prin cablu + portal (Proprietar: Ferencvárosi Médiaszolgáltató (instituție a sectorului, din 2026 în locul Ferencvárosi Média Nonprofit Kft.))",https://kilences.hu,Redactor-șef: Papp Réka Kinga; redactor responsabil: Kövér Nóra; director: Schőn Edina,info@kilences.hu,+36 70 587 85 51,"1096 Budapest, Haller utca 27.",https://kilences.hu/impresszum/ ; https://kilences.hu/kapcsolat/,"Activ, în registrul NMHH. 9tv.hu dă eroare. Un e-mail szerkesztoseg@9tv.hu găsit prin căutare **nu a fost confirmat** – nu-l folosiți."
3. Posturi TV / radio,E. Televiziuni locale din Budapesta,"**City TV** (V, Belváros-Lipótváros)",TV local (Proprietar: CITY TV Kft.),https://citytv.hu,negăsit,citytv@citytv.hu ; info@citytv.hu,+36 1 302 2121,"1055 Budapest, Balassi Bálint utca 21-23.",https://citytv.hu/kapcsolat/,"Activ în 2026, în registrul NMHH."
3. Posturi TV / radio,E. Televiziuni locale din Budapesta,**TV10 Kőbánya** (X),TV de sector (Proprietar: Centrum Televízió Kft.),https://tv10kobanya.hu,negăsit,info@centrumtv.hu,+36 30 887 6027 (pagina de contact); +36 30 945 9293 (subsol),"1105 Budapest, Bánya utca 35.",https://tv10kobanya.hu/kapcsolat,"Activ (programe 2025; Telekom/One), în registrul NMHH."
3. Posturi TV / radio,E. Televiziuni locale din Budapesta,**Újpest Média** (IV) – portal cu video/TV,Portal de sector cu video (Proprietar: Újpesti Sajtó Szolgáltató Nonprofit Kft.),https://ujpestmedia.hu,Director: Galló Júlia,szerkesztoseg@ujpestmedia.hu ; iroda@ujpestmedia.hu,+36-1-785-0366,"1045 Budapest, Erzsébet utca 8.",https://ujpestmedia.hu/impresszum/,Activ. Nu e TV liniar în registrul NMHH.
3. Posturi TV / radio,E. Televiziuni locale din Budapesta,**XV TV** (XV),TV de sector (Proprietar: Csokonai Nonprofit Kft.),xvtv.hu (nu răspunde),negăsit,negăsit pentru TV (primăria: info@bpxv.hu),primăria: +36 1 305 3100,"1153 Budapest, Eötvös utca 64-66. (din registrul NMHH)",registrul NMHH; https://www.bpxv.hu/elet-keruletben/kultura-es-szabadido/media,În registrul NMHH 2026; site căzut.
3. Posturi TV / radio,E. Televiziuni locale din Budapesta,"**16TV** (XVI, Kertváros)",TV de sector (Proprietar: ÖKOSANITAS Zrt.),http://www.16tv.hu,negăsit,doar formular de contact,negăsit,"1163 Budapest, Tiszakömlő u. 5. (din registrul NMHH)",registrul NMHH; http://www.16tv.hu/kapcsolat.html,În registrul NMHH 2026.
3. Posturi TV / radio,E. Televiziuni locale din Budapesta,**Rákosmente TV / RMTV** (XVII),TV de sector (Proprietar: RákosmenteTV Kft.),https://rakosmentetv.hu,negăsit,rmtv@rakosmentetv.hu,+36 20 400 7681,"1173 Budapest, Kis u. 5-7.",https://rakosmentetv.hu/kapcsolat/,"Activ 2026, în registrul NMHH (licență pentru mai multe sectoare)."
3. Posturi TV / radio,E. Televiziuni locale din Budapesta,**TV18** (XVIII),TV de sector (Proprietar: Városgazda XVIII. kerület Nonprofit Zrt.),https://www.varosgazda18.hu/tv18/ (+ YouTube @bp18tv),negăsit,negăsit,central operator: +36-1-292-0258,"1181 Budapest, Üllői út 423. II./1.; poștă: 1675 Bp. Pf. 97",https://www.varosgazda18.hu/tv18/,"Activ, în registrul NMHH."
3. Posturi TV / radio,E. Televiziuni locale din Budapesta,**Kispest TV** (XIX),TV de sector (Proprietar: Kispest Városfejlesztési és Üzemeltetési Kft.),https://www.kispesttv.hu,negăsit,negăsit,negăsit,"1192 Budapest, Ady Endre út 7. G. ép. (din registrul NMHH)",registrul NMHH; kispesttv.hu,"Activ, în registrul NMHH. În XIX mai figurează Hunyadi TV Stúdió (1191 Toldy u. 11.)."
3. Posturi TV / radio,E. Televiziuni locale din Budapesta,**Promontor TV** (XXII),TV de sector (Proprietar: BIG & GOOD Kft.),promontortv.hu (doar pagină implicită Apache),negăsit,negăsit,negăsit,"1035 Budapest, Derű utca 2. (din registrul NMHH)",registrul NMHH,"Înregistrat, dar fără site funcțional – probabil inactiv."
3. Posturi TV / radio,E. Televiziuni locale din Budapesta,**BKTV – Buda és Környéki Televízió** (XIII + localitățile din jurul Budei),TV regional (Proprietar: Buda Környéki Médiaszolgáltató Kft.),https://budakornyekitv.hu,Redactor-șef: Kakuk Kornélia,kakuk.kornelia@gmail.com (afișat pe pagina de contact),negăsit,"2092 Budakeszi, Fő u. 211. (din registrul NMHH)",https://budakornyekitv.hu/kapcsolat/,Activ (știri din 02.10.2026).
3. Posturi TV / radio,F. Radio (secțiune secundară),**Kossuth Rádió**,"Public, generalist/știri (Proprietar: Duna Médiaszolgáltató (→ Magyar Rádió és Televízió Nonprofit Zrt.))",https://mediaklikk.hu/kossuth,"Director de canal: Kerényi György; adjuncți redactor-șef: Bogár Zsolt, Magyari Péter; **șefa secției culturale: Bödő Anita**; emisiuni: Felkelő, Krónikák, Necces, Doktor Kossuth, Hetedik nap (Laborczi Dóra) – echipa e cea anunțată în presă",sajtoiroda@mtva.hu ; kozonsegszolgalat@mtva.hu [verificat],+36 1 759 5050 [verificat],"1037 Budapest, Kunigunda útja 64.",https://mtva.hu/sajtokapcsolat/ ; echipa: [hvg.hu 2026-08-23](https://hvg.hu/elet/20260823_kossuth-radio-kozmedia-uj-stab-indulas),Repornit pe 24.08.2026 cu program și echipă noi.
3. Posturi TV / radio,F. Radio (secțiune secundară),**Bartók Rádió**,"Public, muzică clasică și cultură (Proprietar: idem)",https://mediaklikk.hu/bartok,Redactori: negăsit,sajtoiroda@mtva.hu ; kozonsegszolgalat@mtva.hu,+36 1 759 5050,idem,https://mtva.hu/sajtokapcsolat/,Activ. Nu are e-mail de redacție publicat.
3. Posturi TV / radio,F. Radio (secțiune secundară),**Petőfi Rádió**,"Public, pop/tineret (Proprietar: idem)",https://mediaklikk.hu/petofi,negăsit,idem,idem,idem,idem,Prioritate scăzută.
3. Posturi TV / radio,F. Radio (secțiune secundară),**MR4 / Nemzetiségi adások – emisiunea în limba română** („Román nemzetiségi műsor”),"Public, naționalități (Proprietar: idem)",https://mediaklikk.hu/rovatok/radio/nemzetisegi-adasok/,"Zilnic la 16:00 (în română din 1980). Redactori-prezentatori pe paginile episoadelor din 2025: **Bauer Adam, Bekán Anca Liana, László Anita** [neverificat – paginile se încarcă prin JS]. Wikipedia: redactor-șef Kaupert Júlia","negăsit (doar ugyelet@mtva.hu, general)","+36 62 549 201 [neverificat, sursă veche: lista BMK]","Redacția din Szeged – sursele nu concordă: „Szeged, Stefánia 7.” (Wikipedia) sau „6720 Szeged, Kossuth Lajos sgt. 29.” (lista BMK)",https://mediaklikk.hu/nemzetisegi-adasok/cikk/2025/06/02/roman-nemzetisegi-musor-23-het/ ; https://hu.wikipedia.org/wiki/Nemzetis%C3%A9gi_ad%C3%A1sok,"Unde medii: Pécs 873 kHz, Szolnok 1188 kHz, plus online. **Adresa și telefonul trebuie confirmate telefonic.**"
3. Posturi TV / radio,F. Radio (secțiune secundară),**„Rádió Gyula”**,– (Proprietar: –),–,–,–,–,–,căutare web,**Nu există un post de radio în limba română la Gyula.** Local funcționează Mega Rádió / Gyula Rádió pe 90.5 MHz (în maghiară). Pentru publicul român rămâne R4.
3. Posturi TV / radio,F. Radio (secțiune secundară),**Klubrádió**,"Independent, talk (online) (Proprietar: Klubrádió Szolgáltató Zrt.)",https://www.klubradio.hu,"Redactor-șef: Dési János; **redacția de cultură, știință și divertisment: Sugár Ágnes**; muzică: Göczey Zsuzsa; știri: Báder Tamás; online: Wilk Valentin; emisiunea „Megbeszéljük” (16–18)",info@klubradio.hu [verificat],+36 1 240-69-53 ; +36 1 240-79-53 ; Megbeszéljük: +36 1 387-84-52/53 ; SMS/Viber +36 30 303-09-53 [verificat],"1068 Budapest, Benczúr u. 45.",https://www.klubradio.hu/egyeb/impresszum-106326,Doar online din 2021 (a pierdut 92.9 FM). În 2026 se caută o frecvență pentru revenire.
3. Posturi TV / radio,F. Radio (secțiune secundară),**Tilos Rádió 90.3**,Comunitar/alternativ (Proprietar: Tilos Kulturális Alapítvány),https://tilos.hu,Propuneri de emisiuni: szerkesztoseg@tilos.hu,radio@tilos.hu ; szerkesztoseg@tilos.hu [verificat],(+36 1) 476 8491 ; în emisie: +36 1 215 3773 [verificat],"1024 Budapest, Margit körút 9.; poștă: 1462 Budapest, Pf. 601",https://tilos.hu/page/elerhetoseg,Adresa veche (Üllői út 102) nu mai e valabilă.
3. Posturi TV / radio,F. Radio (secțiune secundară),**radiocafé 98.0** (fost Radio Café 100.7),"Comercial, talk/lifestyle (Proprietar: Match Point Official Kft.)",https://radiocafe98.hu,negăsit (doar formular),radiocafe@radiocafe98.hu ; sales@radiocafe98.hu [verificat],+36 30 6 980 980 [verificat],"1133 Budapest, Váci út 78/b.",https://radiocafe98.hu/impresszum/,**S-a mutat de pe 100.7 pe 98.0 FM.**
3. Posturi TV / radio,F. Radio (secțiune secundară),**InfoRádió 88.1 / Infostart**,"Comercial, știri (Proprietar: INFORÁDIÓ Zrt.)",https://infostart.hu,CEO: Kokas Zsuzsanna; redactor-șef: Erdei Tamás; adjunct: Szatmári Katalin,info@inforadio.hu [verificat],+36-1/483-2950 [verificat],"1033 Budapest, Polgár u. 8-10.",https://infostart.hu/info/impresszum,Activ.
3. Posturi TV / radio,F. Radio (secțiune secundară),**Trend FM 94.2**,"Comercial, economie (Proprietar: Műsor-Hang Zrt.)",https://trendfm.hu,Redactor-șef: dr. Komáromi Balázs; adjunct: Nagy Károly; redactor coordonator: Somody Evelin,info@trendfm.hu [verificat],+36-1-888-15-00 ; SMS +36-70-2-942-942 [verificat],"1133 Budapest, Váci út 78/b.",https://trendfm.hu/cimlap/impresszum-355,Licență prelungită până în 2029.
3. Posturi TV / radio,F. Radio (secțiune secundară),**90.9 Jazzy Rádió**,"Comercial, jazz/soul (Proprietar: Magyar Jazz Rádió Kft.)",https://jazzy.hu,negăsit,info@jazzy.hu [neverificat],+36-1-787-6992 ; SMS/WhatsApp +36-30/201-0909 [neverificat],"1037 Budapest, Szépvölgyi út 35-37. [neverificat]",jazzy.hu/kapcsolat (nu a răspuns la 02.10.2026),Site indisponibil la verificare („technikai okok miatt szünetel”). Licența NMHH a fost prelungită cu 7 ani.
4. Publicații românești din Ungaria,A. Media și publicații (de prioritate pentru comunicate),"**Foaia românească** („revista tradiţională a românilor din Ungaria”; cel mai vechi ziar românesc din Ungaria, din 1951)","Presă scrisă (ziar/revistă comunitară) (Periodicitate: Săptămânal (vinerea, conform ebihoreanul.ro, 2017); Limbă: Română; Editor: Editura de Presă şi Carte Românească „NOI”, Jula; editor responsabil: Uniunea Culturală a Românilor din Ungaria (UCRU))",www.foaia.hu (în oct. 2026 afișează „Under construction”); arhivă: https://adt.arcanum.com/hu/collection/FoaiaRomaneasca/ ; Facebook: https://www.facebook.com/foaiaromaneasca/,"Eva Șimon (Eva Iova-Șimon), director, redactor-șef; Anca Liana Becan, redactor-reporter (2019, blog)","foaia@foaia.hu ; eva.iova@foaia.hu (embassy, blog) ; evaiovasimon@gmail.com (biblioteca virtuală, 2026) ; anca.crisan@foaia.hu (blog, vechi)",+36 66 463-152 (tel./fax) ; +36 66 361-789,"5700 Gyula (Jula), Dózsa György u. (str. Gh. Doja) nr. 8","Calendarul românesc 2026, p. 189 (PDF: https://bibliotecaromaneasca-hu.ro/wp-content/uploads/2020/11/Calendarul_romanesc_2026.pdf) ; https://budapesta.mae.ro/node/804 ; https://budapesta.mae.ro/node/803 ; http://foaiaromaneasca.blogspot.com/p/contacte.html","**Activă**: almanahul 2026 o prezintă ca „apare săptămânal”, iar Eva Șimon apare ca redactor-șef într-o știre din oct. 2025. Site-ul foaia.hu e în lucru, blogul foaiaromaneasca.blogspot.com nu mai are postări după 2019, iar arhiva Arcanum merge până în 2023. Domeniul **foaiaromaneasca.eu este parcat (Namecheap), deci nu e al publicației**. Eva Șimon predă și la Catedra de Română a Universității din Szeged. Cea mai importantă țintă pentru comunicate."
4. Publicații românești din Ungaria,A. Media și publicații (de prioritate pentru comunicate),**Editura de Presă şi Carte Românească „NOI”** (editează și Biblioteca virtuală),Editură / agenție de presă comunitară (Periodicitate: Continuu; Limbă: Română; Editor: UCRU),https://bibliotecaromaneasca-hu.ro/,Eva Şimon (coordonatoare de proiect),evaiovasimon@gmail.com ; foaia@foaia.hu,+36 66 463-152 ; +36 66 361-789,"5700 Jula (Gyula), str. Dózsa Gy. nr. 8",https://bibliotecaromaneasca-hu.ro/contact/,Aceeași echipă ca la nr. 1.
4. Publicații românești din Ungaria,A. Media și publicații (de prioritate pentru comunicate),**Calendarul românesc** („Almanah al săptămânalului «Foaia românească»”),"Almanah tipărit + PDF (Periodicitate: Anual (ediția 2026 a apărut; serie din 1952); Limbă: Română; Editor: UCRU / Editura „NOI”, Jula)",https://bibliotecaromaneasca-hu.ro/calendar-2026/,Eva Şimon (redactor); Ioan Nyisztor (tehnoredactor),foaia@foaia.hu,+36 66 463-152 ; +36 66 361-789,"5700 Jula, str. Gh. Doja nr. 8","Caseta tehnică din Calendarul românesc 2026 (PDF, p. 2 și p. 189)","**Activ.** ISSN 1215-6787. Are o cronică anuală a evenimentelor comunității, inclusiv ale ICR Budapesta (de pildă Zilele Filmului Românesc 2025). Merită trimise materiale pentru ediția 2027."
4. Publicații românești din Ungaria,A. Media și publicații (de prioritate pentru comunicate),"**Biblioteca virtuală a românilor din Ungaria** (portal: e-cărți, e-publicații, arhivă *Foaia*, *Calendar*, *Convieţuirea*, *Buletinul Episcopiei*)","Portal online / arhivă digitală (Periodicitate: Actualizare neregulată (ultimele postări: 23.04.2026); Limbă: Română (+ maghiară, engleză); Editor: Editura „NOI” + UCRU)",https://bibliotecaromaneasca-hu.ro/ ; FB: https://www.facebook.com/Biblioteca-virtual%C4%83-a-rom%C3%A2nilor-din-Ungaria-103900687931460 ; YouTube: https://www.youtube.com/channel/UCQrPKaGmX7STZBQXWFfKMMQ,Eva Şimon (coordonatoare),evaiovasimon@gmail.com ; foaia@foaia.hu,+36/66-463-152 ; +36/66-361-789,"5700 Jula, str. Dózsa Gy. nr. 8",https://bibliotecaromaneasca-hu.ro/contact/,**Activ** (2026). Finanțat de DRP.
4. Publicații românești din Ungaria,A. Media și publicații (de prioritate pentru comunicate),**Convieţuirea / Együttélés** – „Revista românilor din Seghedin”,"Revistă culturală / științifică (Periodicitate: Anuală (numărul 2025 a apărut; fondată în 1997); Limbă: Română (titlu bilingv); Editor: Catedra de Limbă și Literatură Română, Facultatea Pedagogică „Juhász Gyula”, Universitatea din Szeged (SZTE JGYPK), cu sprijinul Editurii „NOI”)",https://bibliotecaromaneasca-hu.ro/convietuirea-2025/ ; arhivă: https://adt.arcanum.com/ro/collection/Convietuirea,conf. dr. Mihaela Bucin (editor responsabil; șefa catedrei); Eva Şimon (îngrijitoarea numărului 2025); lector dr. Iudit Călinescu (colegiul de redacție); fondator: prof. dr. Gheorghe Petruşan,bucin.mihaela.geni@szte.hu (pagina catedrei),+36 62 546-202,"Román Nyelv és Irodalom Tanszék, SZTE JGYPK, 6725 Szeged, Hattyas sor 10.",Caseta tehnică din Convieţuirea 2025 (PDF: https://bibliotecaromaneasca-hu.ro/wp-content/uploads/2020/11/Convietuirea_2025.pdf) ; https://www.jgypk.u-szeged.hu/karrol/roman-nyelv-irodalom/roman-nyelv-irodalom,**Activă.** ISSN 1417-0078. Adresa veche petrusangh@yahoo.com (G. Petruşan) apare pe paginile ambasadei și ale Bibliotecii virtuale.
4. Publicații românești din Ungaria,A. Media și publicații (de prioritate pentru comunicate),**Ecranul nostru** – emisiunea TV în limba română a televiziunii publice maghiare,"Televiziune (magazin al minorității) (Periodicitate: Săptămânal, 26 min. Conform Calendarului 2026: miercuri la 7:15 pe Duna TV, reluare miercuri la 13:50 pe Duna World; Limbă: Română (subtitrată în maghiară); Editor: MTVA / Duna Médiaszolgáltató; Redacția Română, Studioul Regional Szeged)",https://mediaklikk.hu/musor/ecranulnostru/,"Șef de redacție: Tiberiu Boca (Boka Tibor) – **date vechi**, la ambasadă și pe blogul UCRU; nu am găsit confirmare pentru 2026","ecranul@mtv.hu (Calendarul 2026) ; tiberiu.boca@mtv.hu (embassy, vechi) ; Boka.Tibor@mtva.hu (blog UCRU, vechi)","+36 62 549-201 ; +36 62 333-766 (embassy, vechi)","Televiziunea Maghiară, Redacţia Română, 6729 Szeged, Szabadkai út 14 (Calendarul 2026). Ambasada dă o adresă mai veche: 6722 Szeged, Kossuth Lajos sgt. 29","Calendarul românesc 2026, p. 189 ; https://budapesta.mae.ro/node/803","**Activă**: pe mediaklikk sunt ediții din 22.07–26.08.2026. Bună pentru reportaje despre Zilele Filmului Românesc. Pentru comunicate, folosiți **ecranul@mtv.hu**."
4. Publicații românești din Ungaria,A. Media și publicații (de prioritate pentru comunicate),**Emisiunea de radio în limba română „O voce românească – Viaţa şi tradiţiile românilor din Ungaria”** („Román nemzetiségi műsor”),"Radio (Periodicitate: Zilnic, cu început la ora 16:00 pe Nemzetiségi Rádió (verificat pe mediaklikk: ediția din 02.10.2026 de la 16:00). Calendarul 2026 dă intervalul 16:00–18:00 pe unde medii (1188 și 873 kHz); Limbă: Română; Editor: MTVA – Nemzetiségi Rádió (fostul MR4); Redacția Română, Studioul Szeged)",https://mediaklikk.hu/rovatok/radio/nemzetisegi-adasok/ ; https://mediaklikk.hu/musor/roman/,"Iulia Kaupert (Kaupert Júlia), șefă de redacție (lista Bibliotecii virtuale, 2020); ambasada o indică pe Anca Becan. **Nu am găsit un nume confirmat pentru 2026.**","roman@mr4.hu ; roman@radio.hu (Calendarul 2026) ; kaupert.julia@radio.hu (2020) ; bekan.anca@mtva.hu (embassy, vechi)","+36 62 549-201 ; +36 62 333-766 (embassy / 2020, vechi)","Radiodifuziunea Maghiară, Redacţia Română, 6729 Szeged, Szabadkai út 14 (Calendarul 2026)","Calendarul românesc 2026, p. 189 ; https://budapesta.mae.ro/node/803 ; https://bibliotecaromaneasca-hu.ro/asociatii-si-fundatii-romanesti-in-ungaria-2020/",**Activă** (emisie zilnică în 2026). Țintă bună pentru interviuri telefonice sau audio. Adresele de email ale redacției: roman@radio.hu / roman@mr4.hu.
4. Publicații românești din Ungaria,A. Media și publicații (de prioritate pentru comunicate),**Cronica** – publicația Autoguvernării pe Țară a Românilor din Ungaria (AȚRU / MROÖ),Presă scrisă (Periodicitate: Pagina AȚRU spune „hetilap” (săptămânal); Wikipedia o descrie ca lunară. **Stare 2026 neconfirmată**; Limbă: Română; Editor: „Cronica” Román Lap- és Könyvkiadó Nonprofit Kft. (înființată de MROÖ în 2008; ziarul există din 2000)),https://www.cronica33.hu/ (ultima postare: 04.06.2024; arhiva PDF ajunge până în nov. 2018),"Delia Kovács (Kovács Zsoltné), director / redactor-șef; Corina Sebestyén, ziaristă; dr. Petru Puşcaş (colectiv redacțional)","cronica33@gmail.com (redactor-șef) ; cronica222@gmail.com (C. Sebestyén) ; cronica1@invitel.hu (embassy, vechi)",+36 66 462-738,"5700 Gyula (Giula), Sáros u. 17",https://www.cronica33.hu/contact/ ; https://atruroman.hu/cronica-roman-lap-es-konyvkiado-nonprofit-kft/,"Societatea editoare avea plan de afaceri pe 2024 (documentul AȚRU din iunie 2024), deci exista cel puțin până atunci. Site-ul nu se mai actualizează. **Verificați telefonic dacă mai apare** în 2026."
4. Publicații românești din Ungaria,A. Media și publicații (de prioritate pentru comunicate),"**Publicațiile Institutului de Cercetări al Românilor din Ungaria**: *Simpozion* (comunicările simpozionului internațional anual), *Izvorul*, *Lumina* (revistă social-culturală), *Annales* (bilingv, 1996 și 2000)","Reviste / anuare științifice (Periodicitate: Anuale (conform site-ului); Limbă: Română (*Annales*: bilingv); Editor: Institutul de Cercetări al Românilor din Ungaria (Magyarországi Románok Kutatóintézete), Jula)",https://www.romanintezet.hu/ ; FB: https://www.facebook.com/romanintezet/,"dr. Maria Berényi (director; colaboratori pe site: Ana Borbély, Elena Csobai, Tibor Hergyán, Emilia Martin, Stella Nikula)","romanintezet@gmail.com (pagina de contact, adresă ascunsă anti-spam) ; berenyi59@gmail.com (embassy)",+36 66 463-079 (tel./fax),"5700 Gyula, Dózsa Gy. u. 8.",https://www.romanintezet.hu/index.php/contact ; https://www.romanintezet.hu/index.php/colaboratori ; https://budapesta.mae.ro/node/803,"Lista de publicații de pe site se oprește la **2019**. Nu am găsit online ediții mai noi de *Simpozion*, *Izvorul* sau *Lumina* (după 2019): **posibil inactive sau neactualizate online**. Țintă secundară, academică."
4. Publicații românești din Ungaria,A. Media și publicații (de prioritate pentru comunicate),**Buletinul Episcopiei** (Episcopia Ortodoxă Română a Ungariei),"Buletin eparhial (Periodicitate: Lunar (2009–2020 în arhiva digitală); Limbă: Română; Editor: Episcopia Ortodoxă Română a Ungariei, Jula)",Arhivă: https://bibliotecaromaneasca-hu.ro/buletinul-episcopiei-2020/,"PS Siluan (Mănuilă), Episcopul Ortodox Român al Ungariei",ps.siluan@yahoo.com,+36 66 361-281 (patriarhia.ro îl scrie „+36-661.281”) ; +36 66 463-867 ; fax +36 66 463-880,"Parcul Sfântul Nicolae nr. 2, 5700 Gyula (Giula)",https://patriarhia.ro/eparhii/episcopia-ortodoxa-romana-a-ungariei/,"**Ultimul an arhivat: 2020**; nu am găsit numere mai noi. **Site-ul vechi www.ortodoxia.hu NU mai aparține Episcopiei** (în 2026 e un blog SEO maghiar), deci nu-l folosiți. Episcopia e activă: în 2026 a sărbătorit 80 de ani (știri pe basilica.ro și rador.ro). Nu am găsit nicio publicație numită „Vestitorul”."
4. Publicații românești din Ungaria,A. Media și publicații (de prioritate pentru comunicate),**Românii din Ungaria pe Internet – www.romanul.hu** (blogul „Români în Ungaria” al UCRU),Blog / portal (Periodicitate: Neregulat (ultima postare: 17.01.2024); Limbă: Română (+ maghiară); Editor: Uniunea Culturală a Românilor din Ungaria (UCRU)),http://www.romanul.hu (redirecționează spre https://romaniinungaria.blogspot.com/) ; FB: https://www.facebook.com/uniuneaculturala/,"Marius Maghiaru, președinte UCRU (este și parohul și protopopul ortodox român de Budapesta)",uniuneaculturala@gmail.com,+36 66 463-079,"5700 Jula, str. Gh. Doja nr. 8","Calendarul românesc 2026, p. 189 ; https://budapesta.mae.ro/node/803","Blogul e aproape inactiv. Pagina „Adrese utile” de pe el are date din jurul anului 2011, **depășite** (nu le folosiți). UCRU rămâne însă editorul *Foii* și al *Calendarului*."
4. Publicații românești din Ungaria,A. Media și publicații (de prioritate pentru comunicate),**Radio Vocea Școlii „Bălcescu”** (radio școlar) și publicațiile Liceului „Nicolae Bălcescu” din Jula,"Radio școlar / media școlară (Periodicitate: Săptămânal, miercurea (conform Calendarului 2026); Limbă: Română; Editor: „Nicolae Bălcescu” Román Gimnázium, Általános Iskola és Kollégium (fondator: MROÖ))","www.balcescu.sulinet.hu (indicat de AȚRU) ; www.balcescu.edu.hu (în 2026, doar o pagină tehnică)","Czeglédiné dr. Gurzó Mária (dr. Maria Gurzău Czeglédi), directoare; profesori moderatori la radio: Livia Stăvaru, Diana Bogdan, Gheorghe Pătcaş",titkarsag.balcescu@gmail.com,+36 66 463-161 ; +36 66 467-583,"5700 Gyula, Líceum tér 2.",https://atruroman.hu/nicolae-balcescu-roman-gimnazium-altalanos-iskola-es-kollegium/ ; Calendarul românesc 2026 (p. 129–130),Radioul a împlinit 2 ani în febr. 2025. Revista școlară „Liceenii” (arhivată pentru 1999–2000) și revista „Păpăruga” (2011–2014) sunt **întrerupte**. Partener bun pentru proiecții pentru elevi.
4. Publicații românești din Ungaria,"B. Instituții-multiplicator ale comunității (nu sunt media, dar au canale proprii: site, Facebook, liste de membri)",**Magyarországi Románok Országos Önkormányzata (MROÖ) / Autoguvernarea pe Țară a Românilor din Ungaria (AȚRU)** – site oficial,Site instituțional + Facebook (Periodicitate: Actualizat (ultimele postări: 29.09.2026); Limbă: Maghiară (parțial română); Editor: MROÖ / AȚRU),https://atruroman.hu/ ; FB: https://www.facebook.com/p/Magyarorsz%C3%A1gi-Rom%C3%A1nok-Orsz%C3%A1gos-%C3%96nkorm%C3%A1nyzata-100064412183113/,"Kozma György (Gheorghe Cozma), președinte; Netye Bertold, vicepreședinte cu normă întreagă (+36 30 200 7663); Pál-Árgyelán Elvira, vicepreședintă (+36 30 484 8768); Márk Mónika Tímea, șefa biroului","atru@atruroman.hu ; mark.monika@atruroman.hu ; atru@globonet.hu (în subsol, vechi)",+36 66 463-951,"5700 Gyula, Eminescu u. 1.",https://atruroman.hu/kapcsolat/ ; https://atruroman.hu/mroo-hivatala/,"**Atenție la confuzie:** domeniul mroo.hu / oronk.hu aparține Autoguvernării **Romilor** (Országos Roma Önkormányzat), nu celei a românilor."
4. Publicații românești din Ungaria,"B. Instituții-multiplicator ale comunității (nu sunt media, dar au canale proprii: site, Facebook, liste de membri)",**Országos Román Művelődési és Közösségi Ház** (fostul Centru de Documentare și Informare al AȚRU),Centru cultural (cu sală de expoziții) (Periodicitate: –; Limbă: Maghiară / română; Editor: MROÖ),https://atruroman.hu/mroo-dokumentacios-es-informacios-kozpontja/,"Dr. Novákné Gurzó Mária, directoare",info@dokkozpontgyula.hu ; romanmuvhaz@gmail.com,+36 30 520 1078,"5700 Gyula, Sáros u. 17.",https://atruroman.hu/mroo-dokumentacios-es-informacios-kozpontja/,Posibil partener pentru o proiecție la Jula.
4. Publicații românești din Ungaria,"B. Instituții-multiplicator ale comunității (nu sunt media, dar au canale proprii: site, Facebook, liste de membri)",**Uniunea Culturală a Românilor din Ungaria (UCRU)**,Organizație-umbrelă a asociațiilor (editorul *Foii* și al *Calendarului*) (Periodicitate: –; Limbă: Română; Editor: –),http://www.romanul.hu ; https://www.facebook.com/uniuneaculturala/,"Marius Maghiaru, președinte",uniuneaculturala@gmail.com,+36 66 463-079,"5700 Jula, str. Gh. Doja nr. 8","https://budapesta.mae.ro/node/803 ; Calendarul românesc 2026, p. 189",Vezi nr. 1 și nr. 11.
4. Publicații românești din Ungaria,"B. Instituții-multiplicator ale comunității (nu sunt media, dar au canale proprii: site, Facebook, liste de membri)","**Parohia Ortodoxă Română din Budapesta** (capela „Sf. Ioan Botezătorul”, Holló u. 8) și **Așezământul Monahal Românesc „Sf. Ioan Botezătorul” din Budapesta**",Parohie (cu anunțuri pentru credincioși) (Periodicitate: –; Limbă: Română; Editor: Episcopia Ortodoxă Română a Ungariei),negăsit,"Pr. Marius Maghiaru (Magyar Péter Marius), paroh și protopop de Budapesta; Protos. David Pop, superiorul Așezământului (Calendarul 2026)",negăsit,"+36 1 322-6071 ; +36 30 436-4125 (Magyar Marius, esperes)","1075 Budapest, Holló utca 8.","https://www.erzsebetvaros.hu/page/egyhazak_-felekezetek ; Calendarul românesc 2026, p. 37 și p. 97",Cel mai important punct de adunare al românilor din Budapesta (parohia a împlinit 125 de ani în nov. 2025). Bun pentru afișe și anunțuri după slujbă.
4. Publicații românești din Ungaria,"B. Instituții-multiplicator ale comunității (nu sunt media, dar au canale proprii: site, Facebook, liste de membri)",**Asociaţia Femeilor Ortodoxe Române din Budapesta**,Asociație (Periodicitate: –; Limbă: Română; Editor: –),negăsit,"Gabriela Elekes, președintă",negăsit,negăsit,"1075 Budapest, str. Holló nr. 8",https://bibliotecaromaneasca-hu.ro/asociatii-si-fundatii-romanesti-in-ungaria-2020/ ; https://budapesta.mae.ro/node/803,Date din 2020. Gabriela Elekes a scris și în *Calendarul 2026*.
4. Publicații românești din Ungaria,"B. Instituții-multiplicator ale comunității (nu sunt media, dar au canale proprii: site, Facebook, liste de membri)",**Budapest Főváros XIII. Kerületi Román Nemzetiségi Önkormányzat** (autoguvernarea românilor din sectorul XIII),Autoguvernare locală a minorității (Periodicitate: –; Limbă: Maghiară / română; Editor: –),https://www.budapest13.hu/nemzetisegi-onkormanyzatok/budapest-fovaros-xiii-keruleti-roman-nemzetisegi-onkormanyzat/,"Onciu Mirela Cristina, președintă; László Zoltán, vicepreședinte; Stoica Liviu Carol, membru",onciumirelacristina@bp13.hu,+36 30 733-8013,"Nemzetiségek Háza, 1131 Budapest, Övezet utca 5.",Aceeași pagină (cu eveniment din febr. 2026),"Activă în 2026 (Balul Mărțișorului, 23.02.2026)."
4. Publicații românești din Ungaria,"B. Instituții-multiplicator ale comunității (nu sunt media, dar au canale proprii: site, Facebook, liste de membri)",**Belváros-Lipótváros (sectorul V) Román Nemzetiségi Önkormányzat**,Autoguvernare locală a minorității (Periodicitate: –; Limbă: Maghiară / română; Editor: –),https://www.belvaros-lipotvaros.hu/roman-nemzetisegi-onkormanyzat-1,"Roxin Anna, președintă; Ghirie Ibolya, vicepreședintă; dr. Balázs Károly",roxin.anna@gmail.com,(1) 788-6889,"1052 Budapest, Vármegye u. 11-13.",Aceeași pagină,–
4. Publicații românești din Ungaria,"B. Instituții-multiplicator ale comunității (nu sunt media, dar au canale proprii: site, Facebook, liste de membri)",**Óbuda-Békásmegyer (sectorul III) Román Önkormányzat**,Autoguvernare locală a minorității (Periodicitate: –; Limbă: Maghiară; Editor: –),https://obuda.hu/szervezeti-felepites/obuda-bekasmegyer-roman-onkormanyzat/,"Lázár Edit, președintă (din rezultatul de căutare; pagina nu s-a încărcat complet la verificare)","ditty.lzr@gmail.com (din rezultatul de căutare, **neconfirmat** pe pagină)",negăsit,negăsit,Aceeași pagină,De verificat.
4. Publicații românești din Ungaria,"B. Instituții-multiplicator ale comunității (nu sunt media, dar au canale proprii: site, Facebook, liste de membri)",**Szegedi Román Nemzetiségi Önkormányzat** (Autoguvernarea Românilor din Seghedin),Autoguvernare locală a minorității (Periodicitate: –; Limbă: Maghiară / română; Editor: –),https://www.minority-szeged.hu/index.php/szegedi-roman-nemzetisegi-onkormanyzat,"Dr. Petrusán György (prof. Gheorghe Petrușan), președinte; Degovics Gábor Csabáné, vicepreședintă",petrusangh@yahoo.com (decodat din pagina protejată anti-spam),+36 30 755-2407,"6721 Szeged, Osztróvszky u. 6. (Nemzetiségek Háza)",Aceeași pagină,Organizator împreună cu Consulatul de la Szeged (sept. 2026). Partener pentru Zilele Filmului la Seghedin.
4. Publicații românești din Ungaria,"B. Instituții-multiplicator ale comunității (nu sunt media, dar au canale proprii: site, Facebook, liste de membri)",**Asociaţia Culturală a Românilor din Seghedin**,Asociație (Periodicitate: –; Limbă: Română; Editor: –),negăsit,"Ştefan Crâsta, președinte",stevicrasta@gmail.com,"+36 30 337-2125 (blog UCRU, vechi)","6724 Szeged, Hattyas sor 10",https://budapesta.mae.ro/node/803 ; https://bibliotecaromaneasca-hu.ro/asociatii-si-fundatii-romanesti-in-ungaria-2020/,Date din 2020.
4. Publicații românești din Ungaria,"B. Instituții-multiplicator ale comunității (nu sunt media, dar au canale proprii: site, Facebook, liste de membri)","**ELTE BTK Román Filológiai Tanszék** (Catedra de Filologie Română, Budapesta; înființată în 1863)",Catedră universitară (știri și evenimente pe site) (Periodicitate: –; Limbă: Maghiară / română; Editor: Universitatea Eötvös Loránd),https://romantanszek.elte.hu/,"Dr. Nagy Levente, șeful catedrei",nagy.levente@btk.elte.hu ; transyl@btk.elte.hu,+36 1 411 6500 / int. 5248,"1088 Budapest, Múzeum krt. 4, clădirea D, camera 213",https://romantanszek.elte.hu/content/a-tanszek-elerhetosege.t.48404?m=10618,Multiplicator pentru studenți și publicul interesat de cultura română. Pe site nu am găsit o revistă proprie.
4. Publicații românești din Ungaria,"B. Instituții-multiplicator ale comunității (nu sunt media, dar au canale proprii: site, Facebook, liste de membri)",**SZTE JGYPK – Catedra de Limbă și Literatură Română** (Seghedin),Catedră universitară; editează *Convieţuirea* (Periodicitate: –; Limbă: Română / maghiară; Editor: Universitatea din Szeged),https://www.jgypk.u-szeged.hu/karrol/roman-nyelv-irodalom/roman-nyelv-irodalom,"Dr. Bucin Mihaela Geni, șefa catedrei",bucin.mihaela.geni@szte.hu,+36 62 546-202,"6725 Szeged, Hattyas sor 10.",Aceeași pagină,Vezi nr. 5.
4. Publicații românești din Ungaria,"B. Instituții-multiplicator ale comunității (nu sunt media, dar au canale proprii: site, Facebook, liste de membri)",**Ambasada României în Ungaria** – canale de presă,"Site + Facebook (publică știri despre evenimentele ICR, de ex. Zilele Filmului Românesc 2026, la 28.09.2026) (Periodicitate: Actualizat; Limbă: Română; Editor: MAE)",https://budapesta.mae.ro/ ; FB: https://www.facebook.com/p/Ambasada-Rom%C3%A2niei-%C3%AEn-Ungaria-100067216850578/,"Gabriel Șopandă, ambasador",budapesta@mae.ro,+36 1 384 83 94,"1146 Budapest, Thököly út 72",https://budapesta.mae.ro/contact (prin rezultatul de căutare) ; https://budapesta.mae.ro/node/803,Canal oficial pentru preluarea comunicatelor ICR.
4. Publicații românești din Ungaria,"B. Instituții-multiplicator ale comunității (nu sunt media, dar au canale proprii: site, Facebook, liste de membri)",**Consulatul General al României la Gyula**,Site (Periodicitate: –; Limbă: Română; Editor: MAE),https://gyula.mae.ro/,negăsit (consulul general Florin Vasiloni e menționat în știrile din 2023; pentru 2026 nu am confirmare),gyula@mae.ro,+36 66 465 130,"5700 Gyula, Munkácsy u. 12a",https://gyula.mae.ro/contact (prin rezultatul de căutare),Pagina „Mass-media” a consulatului (gyula.mae.ro/node/392) e **depășită** (nume vechi de redactori).
4. Publicații românești din Ungaria,"B. Instituții-multiplicator ale comunității (nu sunt media, dar au canale proprii: site, Facebook, liste de membri)",**Consulatul General al României la Szeged**,Site (Periodicitate: –; Limbă: Română; Editor: MAE),https://szeged.mae.ro/,negăsit,szeged@mae.ro,+36 62 424 430 (administrativ),"6720 Szeged, Kelemen László u. 5",https://szeged.mae.ro/contact (prin rezultatul de căutare),Partener pentru ediția de la Seghedin.
4. Publicații românești din Ungaria,"B. Instituții-multiplicator ale comunității (nu sunt media, dar au canale proprii: site, Facebook, liste de membri)",**„Comunitatea Românilor din Budapesta”** (pagină de Facebook),Pagină de Facebook a diasporei (Periodicitate: Necunoscută; Limbă: Română; Editor: Neidentificat),https://www.facebook.com/ComunitateaRomanilorDinBudapesta,negăsit,negăsit,negăsit,negăsit,Rezultat de căutare (circa 1.281 de aprecieri),"**Neverificat** (Facebook nu se poate citi fără cont). Cel mult pentru postări de promovare, eventual contra cost."
